donor,cell_type,gene,n_cells,n_detected,detection_rate
P1TLH,Central_venous_LSECs,MEG3,191,148,0.774869109947644
P1TLH,Central_venous_LSECs,KCNQ1OT1,191,22,0.11518324607329843
P1TLH,Central_venous_LSECs,ZFAS1,191,73,0.38219895287958117
P1TLH,Central_venous_LSECs,NEAT1,191,183,0.9581151832460733
P1TLH,Central_venous_LSECs,MALAT1,191,185,0.9685863874345549
P1TLH,Cholangiocytes,MEG3,8,0,0.0
P1TLH,Cholangiocytes,KCNQ1OT1,8,0,0.0
P1TLH,Cholangiocytes,ZFAS1,8,6,0.75
P1TLH,Cholangiocytes,NEAT1,8,7,0.875
P1TLH,Cholangiocytes,MALAT1,8,8,1.0
P1TLH,Erythroid_Cells,MEG3,1,0,0.0
P1TLH,Erythroid_Cells,KCNQ1OT1,1,0,0.0
P1TLH,Erythroid_Cells,ZFAS1,1,0,0.0
P1TLH,Erythroid_Cells,NEAT1,1,1,1.0
P1TLH,Erythroid_Cells,MALAT1,1,1,1.0
P1TLH,Hepatic_Stellate_Cells,MEG3,8,5,0.625
P1TLH,Hepatic_Stellate_Cells,KCNQ1OT1,8,3,0.375
P1TLH,Hepatic_Stellate_Cells,ZFAS1,8,5,0.625
P1TLH,Hepatic_Stellate_Cells,NEAT1,8,8,1.0
P1TLH,Hepatic_Stellate_Cells,MALAT1,8,8,1.0
P1TLH,Hepatocyte_2,MEG3,1,0,0.0
P1TLH,Hepatocyte_2,KCNQ1OT1,1,0,0.0
P1TLH,Hepatocyte_2,ZFAS1,1,1,1.0
P1TLH,Hepatocyte_2,NEAT1,1,1,1.0
P1TLH,Hepatocyte_2,MALAT1,1,1,1.0
P1TLH,Hepatocyte_5,MEG3,90,4,0.044444444444444446
P1TLH,Hepatocyte_5,KCNQ1OT1,90,23,0.25555555555555554
P1TLH,Hepatocyte_5,ZFAS1,90,62,0.6888888888888889
P1TLH,Hepatocyte_5,NEAT1,90,85,0.9444444444444444
P1TLH,Hepatocyte_5,MALAT1,90,88,0.9777777777777777
P1TLH,Hepatocyte_6,MEG3,5,0,0.0
P1TLH,Hepatocyte_6,KCNQ1OT1,5,0,0.0
P1TLH,Hepatocyte_6,ZFAS1,5,1,0.2
P1TLH,Hepatocyte_6,NEAT1,5,0,0.0
P1TLH,Hepatocyte_6,MALAT1,5,2,0.4
P1TLH,Inflammatory_Macrophage,MEG3,186,10,0.053763440860215055
P1TLH,Inflammatory_Macrophage,KCNQ1OT1,186,7,0.03763440860215054
P1TLH,Inflammatory_Macrophage,ZFAS1,186,176,0.946236559139785
P1TLH,Inflammatory_Macrophage,NEAT1,186,180,0.967741935483871
P1TLH,Inflammatory_Macrophage,MALAT1,186,184,0.989247311827957
P1TLH,Mature_B_Cells,MEG3,7,0,0.0
P1TLH,Mature_B_Cells,KCNQ1OT1,7,0,0.0
P1TLH,Mature_B_Cells,ZFAS1,7,5,0.7142857142857143
P1TLH,Mature_B_Cells,NEAT1,7,2,0.2857142857142857
P1TLH,Mature_B_Cells,MALAT1,7,7,1.0
P1TLH,NK-like_Cells,MEG3,92,0,0.0
P1TLH,NK-like_Cells,KCNQ1OT1,92,3,0.03260869565217391
P1TLH,NK-like_Cells,ZFAS1,92,48,0.5217391304347826
P1TLH,NK-like_Cells,NEAT1,92,50,0.5434782608695652
P1TLH,NK-like_Cells,MALAT1,92,92,1.0
P1TLH,Non-inflammatory_Macrophage,MEG3,97,4,0.041237113402061855
P1TLH,Non-inflammatory_Macrophage,KCNQ1OT1,97,2,0.020618556701030927
P1TLH,Non-inflammatory_Macrophage,ZFAS1,97,82,0.845360824742268
P1TLH,Non-inflammatory_Macrophage,NEAT1,97,83,0.8556701030927835
P1TLH,Non-inflammatory_Macrophage,MALAT1,97,94,0.9690721649484536
P1TLH,Periportal_LSECs,MEG3,15,6,0.4
P1TLH,Periportal_LSECs,KCNQ1OT1,15,4,0.26666666666666666
P1TLH,Periportal_LSECs,ZFAS1,15,8,0.5333333333333333
P1TLH,Periportal_LSECs,NEAT1,15,13,0.8666666666666667
P1TLH,Periportal_LSECs,MALAT1,15,15,1.0
P1TLH,Plasma_Cells,MEG3,4,1,0.25
P1TLH,Plasma_Cells,KCNQ1OT1,4,2,0.5
P1TLH,Plasma_Cells,ZFAS1,4,2,0.5
P1TLH,Plasma_Cells,NEAT1,4,3,0.75
P1TLH,Plasma_Cells,MALAT1,4,4,1.0
P1TLH,Portal_endothelial_Cells,MEG3,6,2,0.3333333333333333
P1TLH,Portal_endothelial_Cells,KCNQ1OT1,6,1,0.16666666666666666
P1TLH,Portal_endothelial_Cells,ZFAS1,6,5,0.8333333333333334
P1TLH,Portal_endothelial_Cells,NEAT1,6,6,1.0
P1TLH,Portal_endothelial_Cells,MALAT1,6,6,1.0
P1TLH,alpha-beta_T_Cells,MEG3,275,1,0.0036363636363636364
P1TLH,alpha-beta_T_Cells,KCNQ1OT1,275,12,0.04363636363636364
P1TLH,alpha-beta_T_Cells,ZFAS1,275,172,0.6254545454545455
P1TLH,alpha-beta_T_Cells,NEAT1,275,168,0.610909090909091
P1TLH,alpha-beta_T_Cells,MALAT1,275,275,1.0
P1TLH,gamma-delta_T_Cells_1,MEG3,67,1,0.014925373134328358
P1TLH,gamma-delta_T_Cells_1,KCNQ1OT1,67,2,0.029850746268656716
P1TLH,gamma-delta_T_Cells_1,ZFAS1,67,31,0.4626865671641791
P1TLH,gamma-delta_T_Cells_1,NEAT1,67,46,0.6865671641791045
P1TLH,gamma-delta_T_Cells_1,MALAT1,67,67,1.0
P1TLH,gamma-delta_T_Cells_2,MEG3,15,0,0.0
P1TLH,gamma-delta_T_Cells_2,KCNQ1OT1,15,0,0.0
P1TLH,gamma-delta_T_Cells_2,ZFAS1,15,14,0.9333333333333333
P1TLH,gamma-delta_T_Cells_2,NEAT1,15,10,0.6666666666666666
P1TLH,gamma-delta_T_Cells_2,MALAT1,15,15,1.0
P2TLH,Central_venous_LSECs,MEG3,31,17,0.5483870967741935
P2TLH,Central_venous_LSECs,KCNQ1OT1,31,4,0.12903225806451613
P2TLH,Central_venous_LSECs,ZFAS1,31,11,0.3548387096774194
P2TLH,Central_venous_LSECs,NEAT1,31,30,0.967741935483871
P2TLH,Central_venous_LSECs,MALAT1,31,31,1.0
P2TLH,Cholangiocytes,MEG3,23,0,0.0
P2TLH,Cholangiocytes,KCNQ1OT1,23,4,0.17391304347826086
P2TLH,Cholangiocytes,ZFAS1,23,15,0.6521739130434783
P2TLH,Cholangiocytes,NEAT1,23,19,0.8260869565217391
P2TLH,Cholangiocytes,MALAT1,23,23,1.0
P2TLH,Erythroid_Cells,MEG3,2,0,0.0
P2TLH,Erythroid_Cells,KCNQ1OT1,2,1,0.5
P2TLH,Erythroid_Cells,ZFAS1,2,1,0.5
P2TLH,Erythroid_Cells,NEAT1,2,1,0.5
P2TLH,Erythroid_Cells,MALAT1,2,2,1.0
P2TLH,Hepatocyte_3,MEG3,629,5,0.00794912559618442
P2TLH,Hepatocyte_3,KCNQ1OT1,629,32,0.05087440381558029
P2TLH,Hepatocyte_3,ZFAS1,629,88,0.13990461049284578
P2TLH,Hepatocyte_3,NEAT1,629,598,0.9507154213036566
P2TLH,Hepatocyte_3,MALAT1,629,623,0.9904610492845787
P2TLH,Inflammatory_Macrophage,MEG3,34,5,0.14705882352941177
P2TLH,Inflammatory_Macrophage,KCNQ1OT1,34,1,0.029411764705882353
P2TLH,Inflammatory_Macrophage,ZFAS1,34,19,0.5588235294117647
P2TLH,Inflammatory_Macrophage,NEAT1,34,31,0.9117647058823529
P2TLH,Inflammatory_Macrophage,MALAT1,34,34,1.0
P2TLH,Mature_B_Cells,MEG3,7,0,0.0
P2TLH,Mature_B_Cells,KCNQ1OT1,7,0,0.0
P2TLH,Mature_B_Cells,ZFAS1,7,6,0.8571428571428571
P2TLH,Mature_B_Cells,NEAT1,7,5,0.7142857142857143
P2TLH,Mature_B_Cells,MALAT1,7,7,1.0
P2TLH,Non-inflammatory_Macrophage,MEG3,89,2,0.02247191011235955
P2TLH,Non-inflammatory_Macrophage,KCNQ1OT1,89,0,0.0
P2TLH,Non-inflammatory_Macrophage,ZFAS1,89,36,0.4044943820224719
P2TLH,Non-inflammatory_Macrophage,NEAT1,89,77,0.8651685393258427
P2TLH,Non-inflammatory_Macrophage,MALAT1,89,89,1.0
P2TLH,Periportal_LSECs,MEG3,49,13,0.2653061224489796
P2TLH,Periportal_LSECs,KCNQ1OT1,49,4,0.08163265306122448
P2TLH,Periportal_LSECs,ZFAS1,49,35,0.7142857142857143
P2TLH,Periportal_LSECs,NEAT1,49,40,0.8163265306122449
P2TLH,Periportal_LSECs,MALAT1,49,49,1.0
P2TLH,Plasma_Cells,MEG3,344,9,0.02616279069767442
P2TLH,Plasma_Cells,KCNQ1OT1,344,25,0.07267441860465117
P2TLH,Plasma_Cells,ZFAS1,344,132,0.38372093023255816
P2TLH,Plasma_Cells,NEAT1,344,276,0.8023255813953488
P2TLH,Plasma_Cells,MALAT1,344,344,1.0
P2TLH,Portal_endothelial_Cells,MEG3,5,1,0.2
P2TLH,Portal_endothelial_Cells,KCNQ1OT1,5,0,0.0
P2TLH,Portal_endothelial_Cells,ZFAS1,5,3,0.6
P2TLH,Portal_endothelial_Cells,NEAT1,5,5,1.0
P2TLH,Portal_endothelial_Cells,MALAT1,5,5,1.0
P2TLH,alpha-beta_T_Cells,MEG3,1,0,0.0
P2TLH,alpha-beta_T_Cells,KCNQ1OT1,1,0,0.0
P2TLH,alpha-beta_T_Cells,ZFAS1,1,0,0.0
P2TLH,alpha-beta_T_Cells,NEAT1,1,1,1.0
P2TLH,alpha-beta_T_Cells,MALAT1,1,1,1.0
P2TLH,gamma-delta_T_Cells_2,MEG3,5,0,0.0
P2TLH,gamma-delta_T_Cells_2,KCNQ1OT1,5,0,0.0
P2TLH,gamma-delta_T_Cells_2,ZFAS1,5,5,1.0
P2TLH,gamma-delta_T_Cells_2,NEAT1,5,3,0.6
P2TLH,gamma-delta_T_Cells_2,MALAT1,5,5,1.0
P3TLH,Central_venous_LSECs,MEG3,8,3,0.375
P3TLH,Central_venous_LSECs,KCNQ1OT1,8,0,0.0
P3TLH,Central_venous_LSECs,ZFAS1,8,2,0.25
P3TLH,Central_venous_LSECs,NEAT1,8,8,1.0
P3TLH,Central_venous_LSECs,MALAT1,8,8,1.0
P3TLH,Cholangiocytes,MEG3,41,0,0.0
P3TLH,Cholangiocytes,KCNQ1OT1,41,7,0.17073170731707318
P3TLH,Cholangiocytes,ZFAS1,41,32,0.7804878048780488
P3TLH,Cholangiocytes,NEAT1,41,40,0.975609756097561
P3TLH,Cholangiocytes,MALAT1,41,41,1.0
P3TLH,Erythroid_Cells,MEG3,9,0,0.0
P3TLH,Erythroid_Cells,KCNQ1OT1,9,0,0.0
P3TLH,Erythroid_Cells,ZFAS1,9,2,0.2222222222222222
P3TLH,Erythroid_Cells,NEAT1,9,4,0.4444444444444444
P3TLH,Erythroid_Cells,MALAT1,9,9,1.0
P3TLH,Hepatic_Stellate_Cells,MEG3,24,13,0.5416666666666666
P3TLH,Hepatic_Stellate_Cells,KCNQ1OT1,24,10,0.4166666666666667
P3TLH,Hepatic_Stellate_Cells,ZFAS1,24,15,0.625
P3TLH,Hepatic_Stellate_Cells,NEAT1,24,22,0.9166666666666666
P3TLH,Hepatic_Stellate_Cells,MALAT1,24,24,1.0
P3TLH,Hepatocyte_1,MEG3,1004,3,0.00298804780876494
P3TLH,Hepatocyte_1,KCNQ1OT1,1004,45,0.044820717131474105
P3TLH,Hepatocyte_1,ZFAS1,1004,379,0.37749003984063745
P3TLH,Hepatocyte_1,NEAT1,1004,967,0.9631474103585658
P3TLH,Hepatocyte_1,MALAT1,1004,968,0.9641434262948207
P3TLH,Hepatocyte_2,MEG3,908,2,0.0022026431718061676
P3TLH,Hepatocyte_2,KCNQ1OT1,908,39,0.042951541850220265
P3TLH,Hepatocyte_2,ZFAS1,908,391,0.43061674008810574
P3TLH,Hepatocyte_2,NEAT1,908,906,0.9977973568281938
P3TLH,Hepatocyte_2,MALAT1,908,894,0.9845814977973568
P3TLH,Hepatocyte_4,MEG3,603,1,0.001658374792703151
P3TLH,Hepatocyte_4,KCNQ1OT1,603,21,0.03482587064676617
P3TLH,Hepatocyte_4,ZFAS1,603,66,0.10945273631840796
P3TLH,Hepatocyte_4,NEAT1,603,602,0.9983416252072969
P3TLH,Hepatocyte_4,MALAT1,603,597,0.9900497512437811
P3TLH,Hepatocyte_6,MEG3,106,0,0.0
P3TLH,Hepatocyte_6,KCNQ1OT1,106,0,0.0
P3TLH,Hepatocyte_6,ZFAS1,106,21,0.19811320754716982
P3TLH,Hepatocyte_6,NEAT1,106,8,0.07547169811320754
P3TLH,Hepatocyte_6,MALAT1,106,28,0.2641509433962264
P3TLH,Inflammatory_Macrophage,MEG3,214,3,0.014018691588785047
P3TLH,Inflammatory_Macrophage,KCNQ1OT1,214,1,0.004672897196261682
P3TLH,Inflammatory_Macrophage,ZFAS1,214,150,0.7009345794392523
P3TLH,Inflammatory_Macrophage,NEAT1,214,207,0.9672897196261683
P3TLH,Inflammatory_Macrophage,MALAT1,214,214,1.0
P3TLH,Non-inflammatory_Macrophage,MEG3,30,2,0.06666666666666667
P3TLH,Non-inflammatory_Macrophage,KCNQ1OT1,30,0,0.0
P3TLH,Non-inflammatory_Macrophage,ZFAS1,30,20,0.6666666666666666
P3TLH,Non-inflammatory_Macrophage,NEAT1,30,27,0.9
P3TLH,Non-inflammatory_Macrophage,MALAT1,30,29,0.9666666666666667
P3TLH,Periportal_LSECs,MEG3,61,10,0.16393442622950818
P3TLH,Periportal_LSECs,KCNQ1OT1,61,3,0.04918032786885246
P3TLH,Periportal_LSECs,ZFAS1,61,44,0.7213114754098361
P3TLH,Periportal_LSECs,NEAT1,61,55,0.9016393442622951
P3TLH,Periportal_LSECs,MALAT1,61,61,1.0
P3TLH,Plasma_Cells,MEG3,29,0,0.0
P3TLH,Plasma_Cells,KCNQ1OT1,29,6,0.20689655172413793
P3TLH,Plasma_Cells,ZFAS1,29,2,0.06896551724137931
P3TLH,Plasma_Cells,NEAT1,29,23,0.7931034482758621
P3TLH,Plasma_Cells,MALAT1,29,29,1.0
P3TLH,Portal_endothelial_Cells,MEG3,87,4,0.04597701149425287
P3TLH,Portal_endothelial_Cells,KCNQ1OT1,87,6,0.06896551724137931
P3TLH,Portal_endothelial_Cells,ZFAS1,87,65,0.7471264367816092
P3TLH,Portal_endothelial_Cells,NEAT1,87,83,0.9540229885057471
P3TLH,Portal_endothelial_Cells,MALAT1,87,87,1.0
P3TLH,alpha-beta_T_Cells,MEG3,2,0,0.0
P3TLH,alpha-beta_T_Cells,KCNQ1OT1,2,0,0.0
P3TLH,alpha-beta_T_Cells,ZFAS1,2,1,0.5
P3TLH,alpha-beta_T_Cells,NEAT1,2,1,0.5
P3TLH,alpha-beta_T_Cells,MALAT1,2,2,1.0
P3TLH,gamma-delta_T_Cells_2,MEG3,1,1,1.0
P3TLH,gamma-delta_T_Cells_2,KCNQ1OT1,1,0,0.0
P3TLH,gamma-delta_T_Cells_2,ZFAS1,1,1,1.0
P3TLH,gamma-delta_T_Cells_2,NEAT1,1,1,1.0
P3TLH,gamma-delta_T_Cells_2,MALAT1,1,1,1.0
P4TLH,Central_venous_LSECs,MEG3,49,34,0.6938775510204082
P4TLH,Central_venous_LSECs,KCNQ1OT1,49,4,0.08163265306122448
P4TLH,Central_venous_LSECs,ZFAS1,49,13,0.2653061224489796
P4TLH,Central_venous_LSECs,NEAT1,49,42,0.8571428571428571
P4TLH,Central_venous_LSECs,MALAT1,49,42,0.8571428571428571
P4TLH,Cholangiocytes,MEG3,13,0,0.0
P4TLH,Cholangiocytes,KCNQ1OT1,13,9,0.6923076923076923
P4TLH,Cholangiocytes,ZFAS1,13,11,0.8461538461538461
P4TLH,Cholangiocytes,NEAT1,13,11,0.8461538461538461
P4TLH,Cholangiocytes,MALAT1,13,13,1.0
P4TLH,Erythroid_Cells,MEG3,15,0,0.0
P4TLH,Erythroid_Cells,KCNQ1OT1,15,0,0.0
P4TLH,Erythroid_Cells,ZFAS1,15,1,0.06666666666666667
P4TLH,Erythroid_Cells,NEAT1,15,3,0.2
P4TLH,Erythroid_Cells,MALAT1,15,4,0.26666666666666666
P4TLH,Hepatic_Stellate_Cells,MEG3,2,0,0.0
P4TLH,Hepatic_Stellate_Cells,KCNQ1OT1,2,0,0.0
P4TLH,Hepatic_Stellate_Cells,ZFAS1,2,1,0.5
P4TLH,Hepatic_Stellate_Cells,NEAT1,2,1,0.5
P4TLH,Hepatic_Stellate_Cells,MALAT1,2,1,0.5
P4TLH,Hepatocyte_1,MEG3,1,0,0.0
P4TLH,Hepatocyte_1,KCNQ1OT1,1,0,0.0
P4TLH,Hepatocyte_1,ZFAS1,1,1,1.0
P4TLH,Hepatocyte_1,NEAT1,1,1,1.0
P4TLH,Hepatocyte_1,MALAT1,1,1,1.0
P4TLH,Hepatocyte_5,MEG3,12,0,0.0
P4TLH,Hepatocyte_5,KCNQ1OT1,12,1,0.08333333333333333
P4TLH,Hepatocyte_5,ZFAS1,12,3,0.25
P4TLH,Hepatocyte_5,NEAT1,12,2,0.16666666666666666
P4TLH,Hepatocyte_5,MALAT1,12,4,0.3333333333333333
P4TLH,Hepatocyte_6,MEG3,30,0,0.0
P4TLH,Hepatocyte_6,KCNQ1OT1,30,0,0.0
P4TLH,Hepatocyte_6,ZFAS1,30,7,0.23333333333333334
P4TLH,Hepatocyte_6,NEAT1,30,1,0.03333333333333333
P4TLH,Hepatocyte_6,MALAT1,30,2,0.06666666666666667
P4TLH,Inflammatory_Macrophage,MEG3,165,1,0.006060606060606061
P4TLH,Inflammatory_Macrophage,KCNQ1OT1,165,3,0.01818181818181818
P4TLH,Inflammatory_Macrophage,ZFAS1,165,142,0.8606060606060606
P4TLH,Inflammatory_Macrophage,NEAT1,165,142,0.8606060606060606
P4TLH,Inflammatory_Macrophage,MALAT1,165,148,0.896969696969697
P4TLH,Mature_B_Cells,MEG3,34,0,0.0
P4TLH,Mature_B_Cells,KCNQ1OT1,34,1,0.029411764705882353
P4TLH,Mature_B_Cells,ZFAS1,34,27,0.7941176470588235
P4TLH,Mature_B_Cells,NEAT1,34,19,0.5588235294117647
P4TLH,Mature_B_Cells,MALAT1,34,34,1.0
P4TLH,NK-like_Cells,MEG3,199,0,0.0
P4TLH,NK-like_Cells,KCNQ1OT1,199,4,0.020100502512562814
P4TLH,NK-like_Cells,ZFAS1,199,146,0.7336683417085427
P4TLH,NK-like_Cells,NEAT1,199,181,0.9095477386934674
P4TLH,NK-like_Cells,MALAT1,199,197,0.9899497487437185
P4TLH,Non-inflammatory_Macrophage,MEG3,129,0,0.0
P4TLH,Non-inflammatory_Macrophage,KCNQ1OT1,129,4,0.031007751937984496
P4TLH,Non-inflammatory_Macrophage,ZFAS1,129,100,0.7751937984496124
P4TLH,Non-inflammatory_Macrophage,NEAT1,129,98,0.7596899224806202
P4TLH,Non-inflammatory_Macrophage,MALAT1,129,107,0.8294573643410853
P4TLH,Periportal_LSECs,MEG3,68,27,0.39705882352941174
P4TLH,Periportal_LSECs,KCNQ1OT1,68,5,0.07352941176470588
P4TLH,Periportal_LSECs,ZFAS1,68,49,0.7205882352941176
P4TLH,Periportal_LSECs,NEAT1,68,59,0.8676470588235294
P4TLH,Periportal_LSECs,MALAT1,68,65,0.9558823529411765
P4TLH,Plasma_Cells,MEG3,77,0,0.0
P4TLH,Plasma_Cells,KCNQ1OT1,77,18,0.23376623376623376
P4TLH,Plasma_Cells,ZFAS1,77,36,0.4675324675324675
P4TLH,Plasma_Cells,NEAT1,77,70,0.9090909090909091
P4TLH,Plasma_Cells,MALAT1,77,75,0.974025974025974
P4TLH,Portal_endothelial_Cells,MEG3,34,6,0.17647058823529413
P4TLH,Portal_endothelial_Cells,KCNQ1OT1,34,2,0.058823529411764705
P4TLH,Portal_endothelial_Cells,ZFAS1,34,18,0.5294117647058824
P4TLH,Portal_endothelial_Cells,NEAT1,34,27,0.7941176470588235
P4TLH,Portal_endothelial_Cells,MALAT1,34,31,0.9117647058823529
P4TLH,alpha-beta_T_Cells,MEG3,305,1,0.003278688524590164
P4TLH,alpha-beta_T_Cells,KCNQ1OT1,305,8,0.02622950819672131
P4TLH,alpha-beta_T_Cells,ZFAS1,305,196,0.6426229508196721
P4TLH,alpha-beta_T_Cells,NEAT1,305,263,0.8622950819672132
P4TLH,alpha-beta_T_Cells,MALAT1,305,305,1.0
P4TLH,gamma-delta_T_Cells_1,MEG3,111,0,0.0
P4TLH,gamma-delta_T_Cells_1,KCNQ1OT1,111,3,0.02702702702702703
P4TLH,gamma-delta_T_Cells_1,ZFAS1,111,74,0.6666666666666666
P4TLH,gamma-delta_T_Cells_1,NEAT1,111,105,0.9459459459459459
P4TLH,gamma-delta_T_Cells_1,MALAT1,111,111,1.0
P4TLH,gamma-delta_T_Cells_2,MEG3,81,0,0.0
P4TLH,gamma-delta_T_Cells_2,KCNQ1OT1,81,2,0.024691358024691357
P4TLH,gamma-delta_T_Cells_2,ZFAS1,81,68,0.8395061728395061
P4TLH,gamma-delta_T_Cells_2,NEAT1,81,69,0.8518518518518519
P4TLH,gamma-delta_T_Cells_2,MALAT1,81,77,0.9506172839506173
P5TLH,Central_venous_LSECs,MEG3,27,19,0.7037037037037037
P5TLH,Central_venous_LSECs,KCNQ1OT1,27,1,0.037037037037037035
P5TLH,Central_venous_LSECs,ZFAS1,27,14,0.5185185185185185
P5TLH,Central_venous_LSECs,NEAT1,27,27,1.0
P5TLH,Central_venous_LSECs,MALAT1,27,27,1.0
P5TLH,Cholangiocytes,MEG3,34,0,0.0
P5TLH,Cholangiocytes,KCNQ1OT1,34,16,0.47058823529411764
P5TLH,Cholangiocytes,ZFAS1,34,27,0.7941176470588235
P5TLH,Cholangiocytes,NEAT1,34,31,0.9117647058823529
P5TLH,Cholangiocytes,MALAT1,34,34,1.0
P5TLH,Erythroid_Cells,MEG3,66,0,0.0
P5TLH,Erythroid_Cells,KCNQ1OT1,66,1,0.015151515151515152
P5TLH,Erythroid_Cells,ZFAS1,66,16,0.24242424242424243
P5TLH,Erythroid_Cells,NEAT1,66,41,0.6212121212121212
P5TLH,Erythroid_Cells,MALAT1,66,65,0.9848484848484849
P5TLH,Hepatic_Stellate_Cells,MEG3,3,1,0.3333333333333333
P5TLH,Hepatic_Stellate_Cells,KCNQ1OT1,3,2,0.6666666666666666
P5TLH,Hepatic_Stellate_Cells,ZFAS1,3,3,1.0
P5TLH,Hepatic_Stellate_Cells,NEAT1,3,3,1.0
P5TLH,Hepatic_Stellate_Cells,MALAT1,3,3,1.0
P5TLH,Hepatocyte_1,MEG3,1,0,0.0
P5TLH,Hepatocyte_1,KCNQ1OT1,1,0,0.0
P5TLH,Hepatocyte_1,ZFAS1,1,1,1.0
P5TLH,Hepatocyte_1,NEAT1,1,1,1.0
P5TLH,Hepatocyte_1,MALAT1,1,1,1.0
P5TLH,Hepatocyte_5,MEG3,100,1,0.01
P5TLH,Hepatocyte_5,KCNQ1OT1,100,1,0.01
P5TLH,Hepatocyte_5,ZFAS1,100,34,0.34
P5TLH,Hepatocyte_5,NEAT1,100,99,0.99
P5TLH,Hepatocyte_5,MALAT1,100,100,1.0
P5TLH,Hepatocyte_6,MEG3,11,0,0.0
P5TLH,Hepatocyte_6,KCNQ1OT1,11,0,0.0
P5TLH,Hepatocyte_6,ZFAS1,11,2,0.18181818181818182
P5TLH,Hepatocyte_6,NEAT1,11,2,0.18181818181818182
P5TLH,Hepatocyte_6,MALAT1,11,9,0.8181818181818182
P5TLH,Inflammatory_Macrophage,MEG3,214,3,0.014018691588785047
P5TLH,Inflammatory_Macrophage,KCNQ1OT1,214,17,0.0794392523364486
P5TLH,Inflammatory_Macrophage,ZFAS1,214,172,0.8037383177570093
P5TLH,Inflammatory_Macrophage,NEAT1,214,211,0.985981308411215
P5TLH,Inflammatory_Macrophage,MALAT1,214,214,1.0
P5TLH,Mature_B_Cells,MEG3,81,0,0.0
P5TLH,Mature_B_Cells,KCNQ1OT1,81,5,0.06172839506172839
P5TLH,Mature_B_Cells,ZFAS1,81,55,0.6790123456790124
P5TLH,Mature_B_Cells,NEAT1,81,32,0.3950617283950617
P5TLH,Mature_B_Cells,MALAT1,81,81,1.0
P5TLH,NK-like_Cells,MEG3,197,0,0.0
P5TLH,NK-like_Cells,KCNQ1OT1,197,8,0.04060913705583756
P5TLH,NK-like_Cells,ZFAS1,197,78,0.39593908629441626
P5TLH,NK-like_Cells,NEAT1,197,110,0.5583756345177665
P5TLH,NK-like_Cells,MALAT1,197,197,1.0
P5TLH,Non-inflammatory_Macrophage,MEG3,34,0,0.0
P5TLH,Non-inflammatory_Macrophage,KCNQ1OT1,34,0,0.0
P5TLH,Non-inflammatory_Macrophage,ZFAS1,34,23,0.6764705882352942
P5TLH,Non-inflammatory_Macrophage,NEAT1,34,27,0.7941176470588235
P5TLH,Non-inflammatory_Macrophage,MALAT1,34,34,1.0
P5TLH,Periportal_LSECs,MEG3,134,58,0.43283582089552236
P5TLH,Periportal_LSECs,KCNQ1OT1,134,12,0.08955223880597014
P5TLH,Periportal_LSECs,ZFAS1,134,100,0.746268656716418
P5TLH,Periportal_LSECs,NEAT1,134,112,0.835820895522388
P5TLH,Periportal_LSECs,MALAT1,134,134,1.0
P5TLH,Plasma_Cells,MEG3,57,1,0.017543859649122806
P5TLH,Plasma_Cells,KCNQ1OT1,57,7,0.12280701754385964
P5TLH,Plasma_Cells,ZFAS1,57,30,0.5263157894736842
P5TLH,Plasma_Cells,NEAT1,57,48,0.8421052631578947
P5TLH,Plasma_Cells,MALAT1,57,56,0.9824561403508771
P5TLH,Portal_endothelial_Cells,MEG3,79,19,0.24050632911392406
P5TLH,Portal_endothelial_Cells,KCNQ1OT1,79,11,0.13924050632911392
P5TLH,Portal_endothelial_Cells,ZFAS1,79,57,0.7215189873417721
P5TLH,Portal_endothelial_Cells,NEAT1,79,69,0.8734177215189873
P5TLH,Portal_endothelial_Cells,MALAT1,79,79,1.0
P5TLH,alpha-beta_T_Cells,MEG3,378,1,0.0026455026455026454
P5TLH,alpha-beta_T_Cells,KCNQ1OT1,378,19,0.05026455026455026
P5TLH,alpha-beta_T_Cells,ZFAS1,378,219,0.5793650793650794
P5TLH,alpha-beta_T_Cells,NEAT1,378,201,0.5317460317460317
P5TLH,alpha-beta_T_Cells,MALAT1,378,378,1.0
P5TLH,gamma-delta_T_Cells_1,MEG3,286,1,0.0034965034965034965
P5TLH,gamma-delta_T_Cells_1,KCNQ1OT1,286,9,0.03146853146853147
P5TLH,gamma-delta_T_Cells_1,ZFAS1,286,100,0.34965034965034963
P5TLH,gamma-delta_T_Cells_1,NEAT1,286,194,0.6783216783216783
P5TLH,gamma-delta_T_Cells_1,MALAT1,286,286,1.0
P5TLH,gamma-delta_T_Cells_2,MEG3,3,0,0.0
P5TLH,gamma-delta_T_Cells_2,KCNQ1OT1,3,0,0.0
P5TLH,gamma-delta_T_Cells_2,ZFAS1,3,3,1.0
P5TLH,gamma-delta_T_Cells_2,NEAT1,3,2,0.6666666666666666
P5TLH,gamma-delta_T_Cells_2,MALAT1,3,3,1.0
