gene,lineage,partner,rho
KCNQ1OT1,Hepatocyte,ZNF566,0.3187009740851594
KCNQ1OT1,Hepatocyte,NAA60,0.27790690128344797
KCNQ1OT1,Hepatocyte,CCDC68,0.27790690128344797
KCNQ1OT1,Hepatocyte,FAM71E1,0.27790690128344797
KCNQ1OT1,Hepatocyte,AC097500.2,0.2775354921270384
KCNQ1OT1,Hepatocyte,XXYLT1-AS2,0.2775354921270384
KCNQ1OT1,Hepatocyte,RP11-108L7.15,0.2775354921270384
KCNQ1OT1,Hepatocyte,MFSD4,0.2769783783924241
KCNQ1OT1,Hepatocyte,ATP6V1G2,0.2769783783924241
KCNQ1OT1,Hepatocyte,PACSIN1,0.27642126465780975
KCNQ1OT1,Hepatocyte,AEBP1,0.27642126465780975
KCNQ1OT1,Hepatocyte,CUX2,0.27642126465780975
KCNQ1OT1,Hepatocyte,LILRA4,0.27642126465780975
KCNQ1OT1,Hepatocyte,RP11-293A21.1,0.276235560079605
KCNQ1OT1,Hepatocyte,PLCE1,0.2760945866882635
KCNQ1OT1,Hepatocyte,RP11-483I13.5,0.2760498555014002
KCNQ1OT1,Hepatocyte,ZNF726,0.2760498555014002
KCNQ1OT1,Hepatocyte,RP11-98D18.9,0.27586415092319544
KCNQ1OT1,Hepatocyte,LINGO4,0.27586415092319544
KCNQ1OT1,Hepatocyte,TNFSF4,0.27586415092319544
KCNQ1OT1,Kupffer,XIST,0.17149057101399987
KCNQ1OT1,Kupffer,MTRNR2L12,0.16176458303815738
KCNQ1OT1,Kupffer,CDKN1C,0.13821973444083338
KCNQ1OT1,Kupffer,MT-ND1,0.12716183635929568
KCNQ1OT1,Kupffer,MT-CYB,0.12713384315052756
KCNQ1OT1,Kupffer,RPL21,-0.12395825960129082
KCNQ1OT1,Kupffer,RPL7,-0.12119417746427717
KCNQ1OT1,Kupffer,MT-ATP6,0.12103530863646055
KCNQ1OT1,Kupffer,MT-CO3,0.12027365328115461
KCNQ1OT1,Kupffer,MT-ATP8,0.1202618785907767
KCNQ1OT1,Kupffer,MT-ND5,0.11898347806874868
KCNQ1OT1,Kupffer,RPL34,-0.11838644422271309
KCNQ1OT1,Kupffer,BOD1L1,0.11438835742794128
KCNQ1OT1,Kupffer,RPLP2,-0.1129270693417446
KCNQ1OT1,Kupffer,RPL39,-0.11014697461654746
KCNQ1OT1,Kupffer,TYROBP,-0.10987237452751905
KCNQ1OT1,Kupffer,KLF2,0.10908134453212541
KCNQ1OT1,Kupffer,MT-CO1,0.10837128310937691
KCNQ1OT1,Kupffer,RPL13A,-0.10749328963712174
KCNQ1OT1,Kupffer,GNAS,0.10710791360437771
KCNQ1OT1,LSEC,DCDC2,0.33196426266844836
KCNQ1OT1,LSEC,ONECUT1,0.3284911594651688
KCNQ1OT1,LSEC,CITED4,0.31625091787824594
KCNQ1OT1,LSEC,CAMK2N1,0.3144053287533559
KCNQ1OT1,LSEC,SLC17A4,0.3021341271026109
KCNQ1OT1,LSEC,SLC4A4,0.2996433638075244
KCNQ1OT1,LSEC,SFRP5,0.2978810919402152
KCNQ1OT1,LSEC,C8orf47,0.29640606775603506
KCNQ1OT1,LSEC,FAM150B,0.29336900379215597
KCNQ1OT1,LSEC,CYP3A5,0.29299630484682204
KCNQ1OT1,LSEC,EHF,0.2927488289130789
KCNQ1OT1,LSEC,SERPINA5,0.2906817210753484
KCNQ1OT1,LSEC,CLDN10,0.2869186886652894
KCNQ1OT1,LSEC,CFTR,0.2866637362375111
KCNQ1OT1,LSEC,FGFR2,0.28416624928465445
KCNQ1OT1,LSEC,TMEM238,0.2821420064383251
KCNQ1OT1,LSEC,CLDN3,0.28177171052127536
KCNQ1OT1,LSEC,PPAP2C,0.28144555747339456
KCNQ1OT1,LSEC,DSP,0.28119913742634534
KCNQ1OT1,LSEC,PROM1,0.2800615056431772
KCNQ1OT1,Cholangiocyte,MS4A2,0.11089362504589256
KCNQ1OT1,Cholangiocyte,HDC,0.10574446806498165
KCNQ1OT1,Cholangiocyte,VIM,0.10517191043039417
KCNQ1OT1,Cholangiocyte,CPA3,0.10316333934985426
KCNQ1OT1,Cholangiocyte,TPSAB1,0.10226177501354808
KCNQ1OT1,Cholangiocyte,IL1RL1,0.10211641143799872
KCNQ1OT1,Cholangiocyte,KIT,0.10150836985815657
KCNQ1OT1,Cholangiocyte,HPGDS,0.1002332450857279
KCNQ1OT1,Cholangiocyte,RPL13A,-0.09999445600518725
KCNQ1OT1,Cholangiocyte,RPS27,-0.09830666608646413
KCNQ1OT1,Cholangiocyte,MITF,0.09704422000072928
KCNQ1OT1,Cholangiocyte,STXBP6,0.09664873629413323
KCNQ1OT1,Cholangiocyte,LTC4S,0.09595723031924265
KCNQ1OT1,Cholangiocyte,BACE2,0.0958842213988155
KCNQ1OT1,Cholangiocyte,RAB27B,0.093529344758497
KCNQ1OT1,Cholangiocyte,JUN,0.09278790014387069
KCNQ1OT1,Cholangiocyte,VWA5A,0.09245113560371215
KCNQ1OT1,Cholangiocyte,LMNA,0.09176378716362464
KCNQ1OT1,Cholangiocyte,RPS9,-0.09143877124845823
KCNQ1OT1,Cholangiocyte,TCEAL4,0.09084963646255129
IDI2-AS1,Hepatocyte,NUPR1,0.3156455590706504
IDI2-AS1,Hepatocyte,FAM9B,0.3154339294634961
IDI2-AS1,Hepatocyte,CYP4F12,0.31501067024918744
IDI2-AS1,Hepatocyte,PCOLCE,0.2230080187270245
IDI2-AS1,Hepatocyte,RP11-1008C21.1,0.22211000036292122
IDI2-AS1,Hepatocyte,RP11-563N4.1,0.1815657926747946
IDI2-AS1,Hepatocyte,SLC25A35,0.18144336332151048
IDI2-AS1,Hepatocyte,NEU3,0.18070964449304236
IDI2-AS1,Hepatocyte,KIAA1328,0.1720292211312178
IDI2-AS1,Hepatocyte,MINA,0.1567904022831486
IDI2-AS1,Hepatocyte,RP11-63N8.3,0.15668456979809753
IDI2-AS1,Hepatocyte,RP11-566E18.3,0.1565785958730397
IDI2-AS1,Hepatocyte,NOP16,0.15604907984776747
IDI2-AS1,Hepatocyte,MZF1,0.14971268012835
IDI2-AS1,Hepatocyte,MAN1B1,0.14102797941369014
IDI2-AS1,Hepatocyte,RP3-475N16.1,0.1400247239668306
IDI2-AS1,Hepatocyte,RUSC1,0.13983496220830843
IDI2-AS1,Hepatocyte,RP11-78O7.2,0.13974022367409036
IDI2-AS1,Hepatocyte,HCG11,0.13907708556679593
IDI2-AS1,Hepatocyte,LANCL2,0.13907680087670982
IDI2-AS1,Kupffer,COL2A1,0.1385345536066214
IDI2-AS1,Kupffer,RP5-1121E10.2,0.13848836772443884
IDI2-AS1,Kupffer,CTC-529P8.1,0.138419088901165
IDI2-AS1,Kupffer,AC093690.1,0.1384036936071041
IDI2-AS1,Kupffer,SLC22A31,0.13839599596007368
IDI2-AS1,Kupffer,AC019118.3,0.13838829831304328
IDI2-AS1,Kupffer,DRP2,0.13838829831304328
IDI2-AS1,Kupffer,RP11-266K22.2,0.0978484963788623
IDI2-AS1,Kupffer,RP11-463D19.1,0.0978484963788623
IDI2-AS1,Kupffer,RP11-557C18.4,0.09783761041299158
IDI2-AS1,Kupffer,AC096649.2,0.0978212799545941
IDI2-AS1,Kupffer,RP11-202D1.2,0.09778318058363811
IDI2-AS1,Kupffer,RP11-498C9.16,0.09772874411208227
IDI2-AS1,Kupffer,RP11-135J2.4,0.07985184927000287
IDI2-AS1,Kupffer,RP11-215N21.1,0.07977629511863704
IDI2-AS1,Kupffer,RP4-790G17.7,0.07975407330941178
IDI2-AS1,Kupffer,AC003101.1,0.07974963030341943
IDI2-AS1,Kupffer,RP13-766D20.2,0.07974518458572169
IDI2-AS1,Kupffer,CNR1,0.07970518915015565
IDI2-AS1,Kupffer,RASL12,0.07967408034287099
IDI2-AS1,LSEC,PHKA2-AS1,0.37891879338069345
IDI2-AS1,LSEC,TEX12,0.37891879338069345
IDI2-AS1,LSEC,AP000695.6,0.37891879338069345
IDI2-AS1,LSEC,RP11-276H7.3,0.3782819550724906
IDI2-AS1,LSEC,CTD-2083E4.6,0.3782819550724906
IDI2-AS1,LSEC,CTD-2306M5.1,0.3782819550724906
IDI2-AS1,LSEC,PCDHGB1,0.3782819550724906
IDI2-AS1,LSEC,RP11-251G23.5,0.3782819550724906
IDI2-AS1,LSEC,KB-208E9.1,0.3782819550724906
IDI2-AS1,LSEC,AP000475.2,0.3776451167642877
IDI2-AS1,LSEC,C9orf139,0.3770082784560849
IDI2-AS1,LSEC,RP3-508I15.22,0.3770082784560849
IDI2-AS1,LSEC,RP11-541P9.3,0.3763714401478821
IDI2-AS1,LSEC,RP11-16B13.1,0.3763714401478821
IDI2-AS1,LSEC,DLL3,0.37573460183967916
IDI2-AS1,LSEC,TMEM40,0.3750977635314764
IDI2-AS1,LSEC,RDM1,0.3750977635314764
IDI2-AS1,LSEC,LINC01119,0.26669823205392096
IDI2-AS1,LSEC,RP11-996F15.2,0.26669823205392096
IDI2-AS1,LSEC,RP1-101K10.6,0.26624735194526833
IDI2-AS1,Cholangiocyte,RP11-79N23.1,0.3532638055473641
IDI2-AS1,Cholangiocyte,RP11-1379J22.2,0.35317471001002554
IDI2-AS1,Cholangiocyte,CCL25,0.35317471001002554
IDI2-AS1,Cholangiocyte,TMEM155,0.353085614472687
IDI2-AS1,Cholangiocyte,BCL6B,0.353085614472687
IDI2-AS1,Cholangiocyte,C19orf80,0.353085614472687
IDI2-AS1,Cholangiocyte,SYTL5,0.24959045201027413
IDI2-AS1,Cholangiocyte,GDF5OS,0.24952742418246557
IDI2-AS1,Cholangiocyte,GPR176,0.24940146373504765
IDI2-AS1,Cholangiocyte,Z69666.2,0.20362252036280482
IDI2-AS1,Cholangiocyte,RLN1,0.20341678246791306
IDI2-AS1,Cholangiocyte,AP005482.1,0.20341678246791306
IDI2-AS1,Cholangiocyte,DHDH,0.20341678246791306
IDI2-AS1,Cholangiocyte,RP11-313P13.5,0.17624199301935098
IDI2-AS1,Cholangiocyte,RP11-559M23.1,0.17610830763130175
IDI2-AS1,Cholangiocyte,ZNF365,0.17601922892649735
IDI2-AS1,Cholangiocyte,PROM1,0.17597471201770937
IDI2-AS1,Cholangiocyte,OTUD6A,0.15754593398082425
IDI2-AS1,Cholangiocyte,RP3-510H16.3,0.15750605411320287
IDI2-AS1,Cholangiocyte,RP11-379F4.4,0.14340977297243582
NEAT1,Hepatocyte,S100A12,-0.33238110480783123
NEAT1,Hepatocyte,NAMPT,0.29384172040522494
NEAT1,Hepatocyte,S100A9,-0.29030558274625584
NEAT1,Hepatocyte,S100A8,-0.28971287194212003
NEAT1,Hepatocyte,MMP9,-0.28725194393150516
NEAT1,Hepatocyte,ALOX5AP,-0.27706423113275436
NEAT1,Hepatocyte,MALAT1,0.2697483657623478
NEAT1,Hepatocyte,S100A6,-0.24935232847237224
NEAT1,Hepatocyte,CXCR2,0.24576440868405272
NEAT1,Hepatocyte,TSC22D3,0.2456835960236172
NEAT1,Hepatocyte,DUSP1,0.2438483118173628
NEAT1,Hepatocyte,TMSB4X,-0.2356218067680617
NEAT1,Hepatocyte,SAT1,0.23552924540511552
NEAT1,Hepatocyte,CSF3R,0.23066042529949898
NEAT1,Hepatocyte,TXNIP,0.21861616509416298
NEAT1,Hepatocyte,RP11-701P16.2,0.21422477092828937
NEAT1,Hepatocyte,RPLP2,-0.21414460502223412
NEAT1,Hepatocyte,RPS15A,-0.20605031405908522
NEAT1,Hepatocyte,CD3D,-0.20479631906844983
NEAT1,Hepatocyte,PTPRC,0.20363240800420668
NEAT1,Kupffer,CD74,-0.4730693694604179
NEAT1,Kupffer,HLA-DRA,-0.44156640325857527
NEAT1,Kupffer,HLA-DRB1,-0.4244152499811048
NEAT1,Kupffer,HLA-DPB1,-0.4065970771400119
NEAT1,Kupffer,SLC11A1,0.4027846392171731
NEAT1,Kupffer,HLA-DQA1,-0.39805010958809023
NEAT1,Kupffer,HLA-DPA1,-0.38554870479266096
NEAT1,Kupffer,VCAN,0.37650336724644257
NEAT1,Kupffer,CST3,-0.37260591556433115
NEAT1,Kupffer,S100A4,0.36839548055882343
NEAT1,Kupffer,B2M,-0.34746729229331524
NEAT1,Kupffer,HLA-DQB1,-0.3407024695812126
NEAT1,Kupffer,MT-ND1,0.33955776926505965
NEAT1,Kupffer,S100A6,0.33188425653553943
NEAT1,Kupffer,S100A9,0.32954324940618196
NEAT1,Kupffer,DUSP1,0.3247806282351247
NEAT1,Kupffer,FOS,0.32311817372842055
NEAT1,Kupffer,MT-CO3,0.2968928080466179
NEAT1,Kupffer,THBS1,0.29536517594097117
NEAT1,Kupffer,HLA-DMA,-0.2913892139347799
NEAT1,LSEC,RPL41,-0.5764793187915253
NEAT1,LSEC,RPS27,-0.574686819464912
NEAT1,LSEC,RPL3,-0.5662474295052218
NEAT1,LSEC,RPL21,-0.5651602393486724
NEAT1,LSEC,RPS27A,-0.5314971857147665
NEAT1,LSEC,RPL34,-0.5271820790519198
NEAT1,LSEC,PTPRB,0.5252970108316461
NEAT1,LSEC,RPL26,-0.524473350950465
NEAT1,LSEC,XIST,0.5141461159549954
NEAT1,LSEC,RPL10,-0.5127999678316272
NEAT1,LSEC,RPL7,-0.5110702660813286
NEAT1,LSEC,RPS14,-0.5098136237982718
NEAT1,LSEC,RPL23A,-0.5060865045758461
NEAT1,LSEC,RPS3,-0.5011924969497014
NEAT1,LSEC,RPS16,-0.5002408497444151
NEAT1,LSEC,RPL11,-0.49518093102763694
NEAT1,LSEC,RPL10A,-0.4937465234288879
NEAT1,LSEC,RPS25,-0.49281539202697927
NEAT1,LSEC,EEF1A1,-0.4902904766643401
NEAT1,LSEC,RPS3A,-0.4878937573727357
NEAT1,Cholangiocyte,SAT1,0.4323471749099254
NEAT1,Cholangiocyte,ITM2C,-0.43114881941207606
NEAT1,Cholangiocyte,ALOX5AP,-0.4163882704698514
NEAT1,Cholangiocyte,C12orf75,-0.408670941713494
NEAT1,Cholangiocyte,GZMB,-0.40783078329042094
NEAT1,Cholangiocyte,LILRA4,-0.40636639211321374
NEAT1,Cholangiocyte,IGJ,-0.4052185060997743
NEAT1,Cholangiocyte,PTPRCAP,-0.4049887025701223
NEAT1,Cholangiocyte,MZB1,-0.3995055847749835
NEAT1,Cholangiocyte,FTH1,0.39686813455004605
NEAT1,Cholangiocyte,SERPINF1,-0.39384636327422545
NEAT1,Cholangiocyte,CLIC3,-0.37496617589657344
NEAT1,Cholangiocyte,DERL3,-0.3738466144450964
NEAT1,Cholangiocyte,SPIB,-0.3722419300712106
NEAT1,Cholangiocyte,COTL1,0.37050062324760824
NEAT1,Cholangiocyte,MT2A,0.3659128555219235
NEAT1,Cholangiocyte,FTL,0.3592105882712194
NEAT1,Cholangiocyte,RNASE6,-0.3589542385693916
NEAT1,Cholangiocyte,TCF4,-0.35867834979492685
NEAT1,Cholangiocyte,PPP1R14B,-0.3573929527910968
MALAT1,Hepatocyte,S100A8,-0.3260550390063514
MALAT1,Hepatocyte,S100A9,-0.32152898096236515
MALAT1,Hepatocyte,FTL,-0.3058063355029797
MALAT1,Hepatocyte,NEAT1,0.2697483657623478
MALAT1,Hepatocyte,S100A6,-0.26371258788932184
MALAT1,Hepatocyte,CCL5,0.2553939341617129
MALAT1,Hepatocyte,ACTB,-0.2531899379894807
MALAT1,Hepatocyte,CD3D,0.24263804799767139
MALAT1,Hepatocyte,RPS5,0.20912291984247244
MALAT1,Hepatocyte,IL32,0.20630928477487093
MALAT1,Hepatocyte,ARL4C,0.20386709510552947
MALAT1,Hepatocyte,PTMA,0.2018590390634534
MALAT1,Hepatocyte,PTPRCAP,0.20162996266934347
MALAT1,Hepatocyte,RPS19,0.20014223934876943
MALAT1,Hepatocyte,GZMA,0.19964753374997785
MALAT1,Hepatocyte,GZMK,0.19702645850013673
MALAT1,Hepatocyte,RPL18A,0.19424765263513272
MALAT1,Hepatocyte,CD3G,0.1930340621201773
MALAT1,Hepatocyte,FYN,0.1924757024231132
MALAT1,Hepatocyte,XIST,0.19154362137205963
MALAT1,Kupffer,NEAT1,0.23118836890984532
MALAT1,Kupffer,CYBA,-0.222966136364564
MALAT1,Kupffer,CFP,-0.19722292703402103
MALAT1,Kupffer,CETP,-0.19050848629460573
MALAT1,Kupffer,CD5L,-0.18181830791031436
MALAT1,Kupffer,VCAM1,-0.18081200301053177
MALAT1,Kupffer,FTL,-0.17709556591063727
MALAT1,Kupffer,BLVRB,-0.1751255608409828
MALAT1,Kupffer,N4BP2L2,0.17312924482942887
MALAT1,Kupffer,SH3BGRL3,-0.16902678940125165
MALAT1,Kupffer,HLA-DPA1,0.16746202969627977
MALAT1,Kupffer,PNISR,0.1666868701462383
MALAT1,Kupffer,ACTB,-0.16483235243723532
MALAT1,Kupffer,PHACTR1,0.16416691674157027
MALAT1,Kupffer,LYZ,-0.16333520977626464
MALAT1,Kupffer,SAT1,0.1620384633215725
MALAT1,Kupffer,GAPDH,-0.16203115850051839
MALAT1,Kupffer,MT-ND2,0.16174994189884953
MALAT1,Kupffer,TIMD4,-0.16140722318612358
MALAT1,Kupffer,USP53,0.15744240914235286
MALAT1,LSEC,XIST,0.4998312700456634
MALAT1,LSEC,RPS14,-0.49538624259678876
MALAT1,LSEC,RPS2,-0.4894630971034239
MALAT1,LSEC,RPL13,-0.4803734588644884
MALAT1,LSEC,RPL10,-0.47856517207311816
MALAT1,LSEC,RPL13A,-0.47704792587044403
MALAT1,LSEC,RPS18,-0.4754737074807944
MALAT1,LSEC,RPS9,-0.47495191395587266
MALAT1,LSEC,RPS3,-0.4720075662851193
MALAT1,LSEC,RPL3,-0.4650224353160446
MALAT1,LSEC,RPL18A,-0.46157022590455077
MALAT1,LSEC,RPS4Y1,-0.4566639096720648
MALAT1,LSEC,RPL11,-0.4563261589136606
MALAT1,LSEC,RPS6,-0.45255135110560324
MALAT1,LSEC,RPS12,-0.448016614148496
MALAT1,LSEC,RPS3A,-0.4455331787063968
MALAT1,LSEC,RPL23A,-0.4441339118572052
MALAT1,LSEC,RPS27,-0.44377008575544385
MALAT1,LSEC,RPS8,-0.4436995907209603
MALAT1,LSEC,RPL8,-0.443457342445469
MALAT1,Cholangiocyte,CST3,-0.3746547285753284
MALAT1,Cholangiocyte,TMSB10,-0.357366488533004
MALAT1,Cholangiocyte,FCN1,-0.30375930365162085
MALAT1,Cholangiocyte,LYZ,-0.3019377827141539
MALAT1,Cholangiocyte,RPL28,-0.30163817897730116
MALAT1,Cholangiocyte,FTL,-0.29154639045029557
MALAT1,Cholangiocyte,RPL18A,-0.29125934973350975
MALAT1,Cholangiocyte,LGALS1,-0.27778438977706643
MALAT1,Cholangiocyte,TPSAB1,0.2735643367108191
MALAT1,Cholangiocyte,CPA3,0.2692460475496655
MALAT1,Cholangiocyte,RPS24,-0.2655638245876322
MALAT1,Cholangiocyte,CTSG,0.2605767583359988
MALAT1,Cholangiocyte,HPGDS,0.2577145101404864
MALAT1,Cholangiocyte,RPLP1,-0.2530012353022208
MALAT1,Cholangiocyte,AIF1,-0.2477174553521113
MALAT1,Cholangiocyte,HLA-DRA,-0.2462968645724561
MALAT1,Cholangiocyte,RPS14,-0.2428076963059937
MALAT1,Cholangiocyte,UBA52,-0.24196808614882745
MALAT1,Cholangiocyte,ALOX5AP,0.2383481150453032
MALAT1,Cholangiocyte,GAPDH,-0.23598205161008745
MEG3,Hepatocyte,RP1-18D14.7,0.5002506335305476
MEG3,Hepatocyte,CALCRL,0.5002506335305476
MEG3,Hepatocyte,RP11-380O24.1,0.5002506335305476
MEG3,Hepatocyte,HIST1H2BM,0.5002506335305476
MEG3,Hepatocyte,CADPS2,0.5002506335305476
MEG3,Hepatocyte,GABRE,0.5002506335305476
MEG3,Hepatocyte,ATRNL1,0.5002506335305476
MEG3,Hepatocyte,EXD2,0.5002506335305476
MEG3,Hepatocyte,RP11-443B7.2,0.49991635312057053
MEG3,Hepatocyte,RBMS3,0.49991635312057053
MEG3,Hepatocyte,AADAC,0.49991635312057053
MEG3,Hepatocyte,CLDN3,0.49991635312057053
MEG3,Hepatocyte,MXRA5,0.49991635312057053
MEG3,Hepatocyte,RP11-712B9.2,0.49991635312057053
MEG3,Hepatocyte,CASKIN2,0.49991635312057053
MEG3,Hepatocyte,ARHGAP29,0.49958207271059357
MEG3,Hepatocyte,CYS1,0.49958207271059357
MEG3,Hepatocyte,LARP6,0.49958207271059357
MEG3,Hepatocyte,PTPRG,0.3534352046126717
MEG3,Hepatocyte,RELN,0.3534352046126717
MEG3,Kupffer,AL132709.8,0.1797783460322653
MEG3,Kupffer,MEG9,0.14797214209967274
MEG3,Kupffer,LYPD2,0.11835186469010674
MEG3,Kupffer,CDKN1C,0.10895151910664942
MEG3,Kupffer,CKB,0.09363259927163564
MEG3,Kupffer,HES4,0.08605332804423539
MEG3,Kupffer,AL117190.3,0.085597144326487
MEG3,Kupffer,XX-C283C717.1,0.08558290029315113
MEG3,Kupffer,AC002480.3,0.08551168012647167
MEG3,Kupffer,LA16c-349E10.1,0.08549743609313577
MEG3,Kupffer,LYPD6B,0.08497040685970776
MEG3,Kupffer,CELA2B,0.08495616282637188
MEG3,Kupffer,CAP2,0.08495616282637188
MEG3,Kupffer,PRTG,0.08028971006482565
MEG3,Kupffer,PDE8B,0.07681440794357808
MEG3,Kupffer,SH2D1B,0.07426740051860206
MEG3,Kupffer,RET,0.06658271060016316
MEG3,Kupffer,IGFBP6,0.06521413384689789
MEG3,Kupffer,SPN,0.0628393053450169
MEG3,Kupffer,RP11-221J22.2,0.06168598632153693
MEG3,LSEC,MS4A6A,0.5231660487670623
MEG3,LSEC,STAB1,0.51628942938344
MEG3,LSEC,RPL41,-0.5121958271241759
MEG3,LSEC,RPS27A,-0.49053692054712145
MEG3,LSEC,RPS27,-0.48709300294732993
MEG3,LSEC,XIST,0.4817958183797646
MEG3,LSEC,S100A6,-0.481627261485143
MEG3,LSEC,RPL3,-0.47995665248602404
MEG3,LSEC,RPL34,-0.4776670290288905
MEG3,LSEC,RPS3,-0.47182441634279687
MEG3,LSEC,PPFIBP1,0.4712525900492403
MEG3,LSEC,CLEC4M,0.47119879230980904
MEG3,LSEC,STAB2,0.46795199193048637
MEG3,LSEC,OIT3,0.4669934549112681
MEG3,LSEC,RPS25,-0.46245651862317844
MEG3,LSEC,RPS3A,-0.4603805417134646
MEG3,LSEC,RPL21,-0.4589150015372407
MEG3,LSEC,RPL8,-0.45700863245044065
MEG3,LSEC,RPS8,-0.4561666675030107
MEG3,LSEC,DNASE1L3,0.45559695400828154
MEG3,Cholangiocyte,VMO1,0.1720754668535834
MEG3,Cholangiocyte,FCGR3A,0.16980966775815662
MEG3,Cholangiocyte,AL132709.5,0.16583722255279687
MEG3,Cholangiocyte,RPLP1,-0.1422937906169197
MEG3,Cholangiocyte,LYPD2,0.13670153957268555
MEG3,Cholangiocyte,TESC,0.1351700163640147
MEG3,Cholangiocyte,CFD,0.131819186606523
MEG3,Cholangiocyte,SERPINA1,0.12899960424852683
MEG3,Cholangiocyte,RPL13,-0.1287121919041951
MEG3,Cholangiocyte,CKB,0.12720511895940761
MEG3,Cholangiocyte,C10orf54,0.125614615764856
MEG3,Cholangiocyte,OAS1,0.12559141654633807
MEG3,Cholangiocyte,MT-ND2,0.1230378301293348
MEG3,Cholangiocyte,PPM1N,0.12051195330899142
MEG3,Cholangiocyte,MS4A7,0.11988391922310729
MEG3,Cholangiocyte,CTSS,0.11636826056198914
MEG3,Cholangiocyte,HLA-E,0.1152397993482769
MEG3,Cholangiocyte,CEBPB,0.11410686359989458
MEG3,Cholangiocyte,TSC22D3,0.11368645069660127
MEG3,Cholangiocyte,GPX1,-0.11245378018936124
HULC,Kupffer,DPEP1,0.1231478523488765
HULC,Kupffer,RP11-390F4.6,0.12302484117560902
HULC,Kupffer,U91319.1,0.12291549791048238
HULC,Kupffer,AP001627.1,0.12284715836977823
HULC,Kupffer,RP4-537K23.4,0.1228334904616374
HULC,Kupffer,AC092316.1,0.12281298859942617
HULC,Kupffer,MANSC4,0.12279248673721492
HULC,Kupffer,RP11-334A14.8,0.1227856527831445
HULC,Kupffer,PON1,0.09472287787036482
HULC,Kupffer,FREM2,0.08681169089848395
HULC,Kupffer,RP5-1119A7.14,0.08671987270882638
HULC,Kupffer,RP11-554D14.7,0.08665705777822717
HULC,Kupffer,AC007381.3,0.08664739324171644
HULC,Kupffer,AC090044.1,0.08645886143106839
HULC,Kupffer,ALB,0.07901425587296529
HULC,Kupffer,APOA2,0.07576979429712649
HULC,Kupffer,RP11-327J17.2,0.07087652014778074
HULC,Kupffer,RBMS3-AS2,0.07077787066857055
HULC,Kupffer,AC009505.2,0.07070684586681689
HULC,Kupffer,RP11-322D14.2,0.070667391218313
HULC,LSEC,PIPOX,0.3824607997906977
HULC,LSEC,RP11-308B5.2,0.33333207210692734
HULC,LSEC,RP5-1010E17.2,0.33333207210692734
HULC,LSEC,CTD-2384B11.2,0.3327699606868482
HULC,LSEC,P2RX5,0.3327699606868482
HULC,LSEC,FAM209A,0.3327699606868482
HULC,LSEC,POTEE,0.33220784926676916
HULC,LSEC,PDE8B,0.33220784926676916
HULC,LSEC,ZNF32-AS2,0.33220784926676916
HULC,LSEC,IAPP,0.33220784926676916
HULC,LSEC,C15orf26,0.33220784926676916
HULC,LSEC,AC005943.5,0.33220784926676916
HULC,LSEC,F13B,0.33164573784668994
HULC,LSEC,RP11-390F4.10,0.33164573784668994
HULC,LSEC,F7,0.33164573784668994
HULC,LSEC,RP11-375N15.2,0.3310836264266109
HULC,LSEC,CTB-83J4.2,0.3310836264266109
HULC,LSEC,OLFM4,0.33052151500653165
HULC,LSEC,FAM187B,0.33052151500653165
HULC,LSEC,CYP4A22,0.32995940358645254
HULC,Cholangiocyte,BCHE,0.5000944653776166
HULC,Cholangiocyte,EFHD1,0.4998425286192399
HULC,Cholangiocyte,RP11-197K3.1,0.4997165602400516
HULC,Cholangiocyte,IL12A,0.4997165602400516
HULC,Cholangiocyte,KIAA1462,0.4997165602400516
HULC,Cholangiocyte,FAM170B,0.4997165602400516
HULC,Cholangiocyte,RP11-553P9.2,0.3531525392288646
HULC,Cholangiocyte,MMRN2,0.3531525392288646
HULC,Cholangiocyte,F2,0.3531525392288646
HULC,Cholangiocyte,RP11-495P10.6,0.28818417008701697
HULC,Cholangiocyte,KCNK12,0.28818417008701697
HULC,Cholangiocyte,RP11-306G20.1,0.28818417008701697
HULC,Cholangiocyte,ZNF157,0.28818417008701697
HULC,Cholangiocyte,SULT1C2,0.24968500368774235
HULC,Cholangiocyte,LIMD1-AS1,0.24968500368774235
HULC,Cholangiocyte,ZC3HAV1L,0.24955899564321868
HULC,Cholangiocyte,MAMDC2-AS1,0.24943305106283234
HULC,Cholangiocyte,LINC00924,0.22319823804889619
HULC,Cholangiocyte,CTD-2576D5.4,0.22297289186583955
HULC,Cholangiocyte,EVPL,0.22297289186583955
MIAT,Hepatocyte,LZTS1,0.2403694740191996
MIAT,Hepatocyte,CD2,0.2267258161191328
MIAT,Hepatocyte,ZNF583,0.22283695205467177
MIAT,Hepatocyte,MICAL3,0.22273517959263187
MIAT,Hepatocyte,RIC3,0.22268536304214387
MIAT,Hepatocyte,MGMT,0.2132643758342702
MIAT,Hepatocyte,XIST,0.21063726528337223
MIAT,Hepatocyte,GRAP2,0.20440276151953019
MIAT,Hepatocyte,ZNF678,0.20345561866223325
MIAT,Hepatocyte,SQLE,0.20234359383020695
MIAT,Hepatocyte,LINC00649,0.19694695832583478
MIAT,Hepatocyte,S100A10,0.1963140493556403
MIAT,Hepatocyte,IL7R,0.1951585147630066
MIAT,Hepatocyte,CD3D,0.1949362252200458
MIAT,Hepatocyte,RP11-544A12.8,0.19317745839541509
MIAT,Hepatocyte,SAC3D1,0.19245679865427096
MIAT,Hepatocyte,NUDCD1,0.19225945428463023
MIAT,Hepatocyte,APBA2,0.19178490097409415
MIAT,Hepatocyte,ANKRD26,0.1912754934169479
MIAT,Hepatocyte,ARID5B,0.18904225384218887
MIAT,Kupffer,B3GAT1,0.08879439814115653
MIAT,Kupffer,STYK1,0.08324331389790462
MIAT,Kupffer,RP11-120K9.2,0.07919641256326751
MIAT,Kupffer,RP11-1026M7.2,0.07918762272835483
MIAT,Kupffer,RP11-379F12.3,0.07917004305852945
MIAT,Kupffer,RP11-530C5.2,0.07903380061738288
MIAT,Kupffer,AC007743.1,0.0788536090016729
MIAT,Kupffer,PRSS16,0.0788536090016729
MIAT,Kupffer,SOX11,0.07884481916676021
MIAT,Kupffer,MYOT,0.0788316344143912
MIAT,Kupffer,RP11-33A14.1,0.07879208015728412
MIAT,Kupffer,ABCG8,0.07874373606526436
MIAT,Kupffer,REG4,0.0785987037892051
MIAT,Kupffer,IL5,0.07856354444955438
MIAT,Kupffer,RP11-335E6.2,0.07855035969718537
MIAT,Kupffer,ATP6V1G3,0.07854596477972901
MIAT,Kupffer,MYLK2,0.07853717494481632
MIAT,Kupffer,RP11-381N20.1,0.07823719732018804
MIAT,Kupffer,DIAPH2-AS1,0.06996664296565287
MIAT,Kupffer,CACNA1I,0.0638767858277456
MIAT,LSEC,RBFOX3,0.19985545265268012
MIAT,LSEC,CRISPLD1,0.18237016379808943
MIAT,LSEC,LINC00910,0.176894532523
MIAT,LSEC,LINC01021,0.17012553628929072
MIAT,LSEC,JUN,0.1651386576797184
MIAT,LSEC,RP11-546K22.3,0.16490677228004488
MIAT,LSEC,SOCS3,0.16417567236848846
MIAT,LSEC,KIF2A,0.16338404696698353
MIAT,LSEC,RP5-1029F21.2,0.16251686631637602
MIAT,LSEC,HLA-E,0.16051310208585878
MIAT,LSEC,ERVH48-1,0.15712261499898847
MIAT,LSEC,PIP5KL1,0.1562698293668856
MIAT,LSEC,PPARGC1B,0.15601878308542497
MIAT,LSEC,LYL1,0.15449607505288554
MIAT,LSEC,SNRK-AS1,0.15220591913383474
MIAT,LSEC,CEBPD,0.1514989271112921
MIAT,LSEC,COMMD5,0.1475607781719509
MIAT,LSEC,DNASE1L3,0.14745751527709908
MIAT,LSEC,TNFSF9,0.14699274612858582
MIAT,LSEC,CTB-113D17.1,0.14515956938211932
MIAT,Cholangiocyte,CFHR1,0.21342917002513812
MIAT,Cholangiocyte,ATP8A2,0.21337539598381156
MIAT,Cholangiocyte,RP11-1376P16.1,0.21337539598381156
MIAT,Cholangiocyte,RP11-710F7.3,0.21294520365319902
MIAT,Cholangiocyte,RP11-806L2.6,0.21294520365319902
MIAT,Cholangiocyte,RP11-317P15.4,0.21256878536391308
MIAT,Cholangiocyte,MTRNR2L4,0.21256878536391308
MIAT,Cholangiocyte,VWA3A,0.21256878536391308
MIAT,Cholangiocyte,RP4-610C12.4,0.21256878536391308
MIAT,Cholangiocyte,C22orf23,0.21256878536391308
MIAT,Cholangiocyte,MXRA5,0.21246123728125993
MIAT,Cholangiocyte,PCDHGA5,0.21240746323993334
MIAT,Cholangiocyte,SHROOM2,0.15056551636715249
MIAT,Cholangiocyte,ZNF385D,0.1505274851948823
MIAT,Cholangiocyte,GRIN2D,0.15048945402261213
MIAT,Cholangiocyte,ALDH3A1,0.15045134623251816
MIAT,Cholangiocyte,RP5-834N19.1,0.15041339167807175
MIAT,Cholangiocyte,RP11-1348G14.5,0.15026126698899103
MIAT,Cholangiocyte,RP11-707P17.2,0.15014717347218048
MIAT,Cholangiocyte,RP11-219E7.3,0.14991904390192723
LINC00261,Kupffer,KRT73,0.22362850557724176
LINC00261,Kupffer,ACMSD,0.20194102072636602
LINC00261,Kupffer,RP13-444H2.1,0.15792526072492538
LINC00261,Kupffer,KIF12,0.1578989461772642
LINC00261,Kupffer,CRB3,0.12892931700225577
LINC00261,Kupffer,SLCO1B3,0.12888633837413768
LINC00261,Kupffer,AGMO,0.11156766019507149
LINC00261,Kupffer,CTD-2509G16.5,0.11153664470505432
LINC00261,Kupffer,AC068535.3,0.0997933105620433
LINC00261,Kupffer,KIRREL3,0.099704528646978
LINC00261,Kupffer,FGF12,0.09969343710153879
LINC00261,Kupffer,C6,0.0909806370047039
LINC00261,Kupffer,IL17D,0.09096038277259672
LINC00261,Kupffer,PCDHGA12,0.09095531816096439
LINC00261,Kupffer,CFHR3,0.08389151301935538
LINC00261,Kupffer,ASPDH,0.0823759568661056
LINC00261,Kupffer,RP11-222A11.1,0.07871476418294901
LINC00261,Kupffer,TFAP2C,0.07870599201830257
LINC00261,Kupffer,GSTA2,0.07503653269042584
LINC00261,Kupffer,DDX25,0.07035949507801477
LINC00261,LSEC,DCDC2,0.5743972174799546
LINC00261,LSEC,C8orf47,0.5552993616693809
LINC00261,LSEC,SFRP5,0.5435838596992096
LINC00261,LSEC,CLDN10,0.5365156996805315
LINC00261,LSEC,PKHD1,0.5293215443168421
LINC00261,LSEC,SERPINA5,0.5201099813996519
LINC00261,LSEC,GABRP,0.5182641899282571
LINC00261,LSEC,EPCAM,0.5139882548162176
LINC00261,LSEC,FGFR2,0.5012453988309288
LINC00261,LSEC,CITED4,0.49933283778846227
LINC00261,LSEC,CLDN1,0.49894799460873684
LINC00261,LSEC,TSTD1,0.49884695587691835
LINC00261,LSEC,KRT7,0.4982600254934926
LINC00261,LSEC,CFTR,0.49478251240799115
LINC00261,LSEC,CLDN3,0.49432863811288924
LINC00261,LSEC,FAM150B,0.4924018612121952
LINC00261,LSEC,SLC17A4,0.49238389506837416
LINC00261,LSEC,HOMER2,0.4919768185114299
LINC00261,LSEC,DEFB1,0.4907956000823926
LINC00261,LSEC,TM4SF4,0.48933948865362575
LINC00261,Cholangiocyte,OR52N4,0.49999999999999994
LINC00261,Cholangiocyte,RP11-103J8.1,0.49987402369154044
LINC00261,Cholangiocyte,GC,0.4081197134625519
LINC00261,Cholangiocyte,KRT71,0.40791402091393036
LINC00261,Cholangiocyte,NKD2,0.28845687614885
LINC00261,Cholangiocyte,RRM2,0.23524185411184412
LINC00261,Cholangiocyte,MOK,0.21286481195804652
LINC00261,Cholangiocyte,NEU4,0.20384111763908902
LINC00261,Cholangiocyte,HAMP,0.1956834935460238
LINC00261,Cholangiocyte,AC011043.1,0.17630861809875284
LINC00261,Cholangiocyte,RP11-350G8.5,0.16603617816858487
LINC00261,Cholangiocyte,PKN3,0.1576153366046221
LINC00261,Cholangiocyte,ZBED6CL,0.15010915187713825
LINC00261,Cholangiocyte,RP11-187C18.2,0.14377308636472702
LINC00261,Cholangiocyte,EAF1-AS1,0.14071662099499288
LINC00261,Cholangiocyte,RP11-166B2.1,0.14057392434566424
LINC00261,Cholangiocyte,GHRLOS,0.13559340065067996
LINC00261,Cholangiocyte,RP11-214N9.1,0.1241007352579309
LINC00261,Cholangiocyte,FCGBP,0.11891174691447753
LINC00261,Cholangiocyte,AC009404.2,0.1107445286385462
