gene,lineage,bin,mean_expr,n_cells
KCNQ1OT1,Hepatocyte,0,0.00873015820980072,2994
KCNQ1OT1,Hepatocyte,1,0.009788637049496174,2994
KCNQ1OT1,Hepatocyte,2,0.017752258107066154,2994
KCNQ1OT1,Hepatocyte,3,0.0,2994
KCNQ1OT1,Hepatocyte,4,0.0,2994
KCNQ1OT1,Hepatocyte,5,0.008827210403978825,2994
KCNQ1OT1,Hepatocyte,6,0.016144203022122383,2994
KCNQ1OT1,Hepatocyte,7,0.0075716255232691765,2994
KCNQ1OT1,Hepatocyte,8,0.0,2994
KCNQ1OT1,Hepatocyte,9,0.03952100872993469,2994
KCNQ1OT1,Kupffer,0,0.0854058712720871,36057
KCNQ1OT1,Kupffer,1,0.08418747782707214,36057
KCNQ1OT1,Kupffer,2,0.059109561145305634,36057
KCNQ1OT1,Kupffer,3,0.07007285207509995,36057
KCNQ1OT1,Kupffer,4,0.09819921106100082,36057
KCNQ1OT1,Kupffer,5,0.047049254179000854,36057
KCNQ1OT1,Kupffer,6,0.03893081098794937,36057
KCNQ1OT1,Kupffer,7,0.030604159459471703,36057
KCNQ1OT1,Kupffer,8,0.02792474254965782,36057
KCNQ1OT1,Kupffer,9,0.06040099263191223,36057
KCNQ1OT1,LSEC,0,0.2377886176109314,1191
KCNQ1OT1,LSEC,1,0.21241351962089539,1191
KCNQ1OT1,LSEC,2,0.2773461937904358,1191
KCNQ1OT1,LSEC,3,0.21144966781139374,1191
KCNQ1OT1,LSEC,4,0.2581961452960968,1191
KCNQ1OT1,LSEC,5,0.24786624312400818,1191
KCNQ1OT1,LSEC,6,0.2464640587568283,1191
KCNQ1OT1,LSEC,7,0.4582935869693756,1191
KCNQ1OT1,LSEC,8,0.6677276492118835,1191
KCNQ1OT1,LSEC,9,0.4543344974517822,1191
KCNQ1OT1,Cholangiocyte,0,0.06393604725599289,7941
KCNQ1OT1,Cholangiocyte,1,0.1899852603673935,7941
KCNQ1OT1,Cholangiocyte,2,0.08459684252738953,7941
KCNQ1OT1,Cholangiocyte,3,0.11134136468172073,7941
KCNQ1OT1,Cholangiocyte,4,0.08769309520721436,7941
KCNQ1OT1,Cholangiocyte,5,0.07928220927715302,7941
KCNQ1OT1,Cholangiocyte,6,0.0898992121219635,7941
KCNQ1OT1,Cholangiocyte,7,0.07598162442445755,7941
KCNQ1OT1,Cholangiocyte,8,0.07583659142255783,7941
KCNQ1OT1,Cholangiocyte,9,0.09933250397443771,7941
IDI2-AS1,Hepatocyte,0,0.009494670666754246,2994
IDI2-AS1,Hepatocyte,1,0.008959407918155193,2994
IDI2-AS1,Hepatocyte,2,0.009440583176910877,2994
IDI2-AS1,Hepatocyte,3,0.018520187586545944,2994
IDI2-AS1,Hepatocyte,4,0.019211405888199806,2994
IDI2-AS1,Hepatocyte,5,0.016316257417201996,2994
IDI2-AS1,Hepatocyte,6,0.008997735567390919,2994
IDI2-AS1,Hepatocyte,7,0.0,2994
IDI2-AS1,Hepatocyte,8,0.0,2994
IDI2-AS1,Hepatocyte,9,0.0,2994
IDI2-AS1,Kupffer,0,0.0016513363225385547,36057
IDI2-AS1,Kupffer,1,0.003160671563819051,36057
IDI2-AS1,Kupffer,2,0.002720330376178026,36057
IDI2-AS1,Kupffer,3,0.002250265097245574,36057
IDI2-AS1,Kupffer,4,0.0003785232256632298,36057
IDI2-AS1,Kupffer,5,0.0011909088352695107,36057
IDI2-AS1,Kupffer,6,0.0005458773812279105,36057
IDI2-AS1,Kupffer,7,0.0014492052141577005,36057
IDI2-AS1,Kupffer,8,0.0002956120006274432,36057
IDI2-AS1,Kupffer,9,0.001106807729229331,36057
IDI2-AS1,LSEC,0,0.007927480153739452,1191
IDI2-AS1,LSEC,1,0.0,1191
IDI2-AS1,LSEC,2,0.0,1191
IDI2-AS1,LSEC,3,0.028722306713461876,1191
IDI2-AS1,LSEC,4,0.0,1191
IDI2-AS1,LSEC,5,0.01895911805331707,1191
IDI2-AS1,LSEC,6,0.02153235860168934,1191
IDI2-AS1,LSEC,7,0.0,1191
IDI2-AS1,LSEC,8,0.0,1191
IDI2-AS1,LSEC,9,0.0,1191
IDI2-AS1,Cholangiocyte,0,0.0028713070787489414,7941
IDI2-AS1,Cholangiocyte,1,0.0011339503107592463,7941
IDI2-AS1,Cholangiocyte,2,0.0015124495839700103,7941
IDI2-AS1,Cholangiocyte,3,0.0,7941
IDI2-AS1,Cholangiocyte,4,0.00153357011731714,7941
IDI2-AS1,Cholangiocyte,5,0.0,7941
IDI2-AS1,Cholangiocyte,6,0.0014807152329012752,7941
IDI2-AS1,Cholangiocyte,7,0.0043875607661902905,7941
IDI2-AS1,Cholangiocyte,8,0.0,7941
IDI2-AS1,Cholangiocyte,9,0.0,7941
NEAT1,Hepatocyte,0,5.0852131843566895,2994
NEAT1,Hepatocyte,1,5.08599853515625,2994
NEAT1,Hepatocyte,2,4.992452621459961,2994
NEAT1,Hepatocyte,3,4.929295539855957,2994
NEAT1,Hepatocyte,4,4.8689093589782715,2994
NEAT1,Hepatocyte,5,4.778200626373291,2994
NEAT1,Hepatocyte,6,4.706871509552002,2994
NEAT1,Hepatocyte,7,4.453036308288574,2994
NEAT1,Hepatocyte,8,3.915245294570923,2994
NEAT1,Hepatocyte,9,3.5486536026000977,2994
NEAT1,Kupffer,0,2.8597772121429443,36057
NEAT1,Kupffer,1,2.816236734390259,36057
NEAT1,Kupffer,2,3.099543809890747,36057
NEAT1,Kupffer,3,3.269549608230591,36057
NEAT1,Kupffer,4,3.230015516281128,36057
NEAT1,Kupffer,5,2.3779454231262207,36057
NEAT1,Kupffer,6,2.740076780319214,36057
NEAT1,Kupffer,7,2.869845151901245,36057
NEAT1,Kupffer,8,2.9186830520629883,36057
NEAT1,Kupffer,9,3.0920257568359375,36057
NEAT1,LSEC,0,3.083235025405884,1191
NEAT1,LSEC,1,3.367356300354004,1191
NEAT1,LSEC,2,3.296847105026245,1191
NEAT1,LSEC,3,3.27199649810791,1191
NEAT1,LSEC,4,3.406947135925293,1191
NEAT1,LSEC,5,3.478977918624878,1191
NEAT1,LSEC,6,3.493347406387329,1191
NEAT1,LSEC,7,2.817540168762207,1191
NEAT1,LSEC,8,1.7673307657241821,1191
NEAT1,LSEC,9,2.2207210063934326,1191
NEAT1,Cholangiocyte,0,1.497205138206482,7941
NEAT1,Cholangiocyte,1,1.992999792098999,7941
NEAT1,Cholangiocyte,2,2.893237352371216,7941
NEAT1,Cholangiocyte,3,2.8687407970428467,7941
NEAT1,Cholangiocyte,4,2.8339431285858154,7941
NEAT1,Cholangiocyte,5,2.8089728355407715,7941
NEAT1,Cholangiocyte,6,2.760404348373413,7941
NEAT1,Cholangiocyte,7,2.7216720581054688,7941
NEAT1,Cholangiocyte,8,2.8852498531341553,7941
NEAT1,Cholangiocyte,9,2.171873092651367,7941
MALAT1,Hepatocyte,0,5.60183048248291,2994
MALAT1,Hepatocyte,1,5.5177693367004395,2994
MALAT1,Hepatocyte,2,5.506950378417969,2994
MALAT1,Hepatocyte,3,5.445562362670898,2994
MALAT1,Hepatocyte,4,5.366535186767578,2994
MALAT1,Hepatocyte,5,5.430988311767578,2994
MALAT1,Hepatocyte,6,5.297248840332031,2994
MALAT1,Hepatocyte,7,5.26438570022583,2994
MALAT1,Hepatocyte,8,5.316244125366211,2994
MALAT1,Hepatocyte,9,5.894618988037109,2994
MALAT1,Kupffer,0,5.806328296661377,36057
MALAT1,Kupffer,1,5.497189521789551,36057
MALAT1,Kupffer,2,5.4023332595825195,36057
MALAT1,Kupffer,3,5.197519779205322,36057
MALAT1,Kupffer,4,5.141794204711914,36057
MALAT1,Kupffer,5,5.259641170501709,36057
MALAT1,Kupffer,6,5.455019474029541,36057
MALAT1,Kupffer,7,5.405372619628906,36057
MALAT1,Kupffer,8,5.377577781677246,36057
MALAT1,Kupffer,9,5.489559173583984,36057
MALAT1,LSEC,0,5.801226615905762,1191
MALAT1,LSEC,1,5.994218349456787,1191
MALAT1,LSEC,2,6.029975414276123,1191
MALAT1,LSEC,3,5.963000297546387,1191
MALAT1,LSEC,4,5.929349899291992,1191
MALAT1,LSEC,5,5.949881076812744,1191
MALAT1,LSEC,6,6.0434770584106445,1191
MALAT1,LSEC,7,6.174832820892334,1191
MALAT1,LSEC,8,5.563128471374512,1191
MALAT1,LSEC,9,5.277616024017334,1191
MALAT1,Cholangiocyte,0,6.081950664520264,7941
MALAT1,Cholangiocyte,1,6.268085479736328,7941
MALAT1,Cholangiocyte,2,5.813236236572266,7941
MALAT1,Cholangiocyte,3,5.842684745788574,7941
MALAT1,Cholangiocyte,4,5.823670864105225,7941
MALAT1,Cholangiocyte,5,5.878012657165527,7941
MALAT1,Cholangiocyte,6,5.813992977142334,7941
MALAT1,Cholangiocyte,7,5.780028343200684,7941
MALAT1,Cholangiocyte,8,5.807021141052246,7941
MALAT1,Cholangiocyte,9,5.742132186889648,7941
MEG3,Hepatocyte,0,0.0,2994
MEG3,Hepatocyte,1,0.0,2994
MEG3,Hepatocyte,2,0.0,2994
MEG3,Hepatocyte,3,0.0,2994
MEG3,Hepatocyte,4,0.0,2994
MEG3,Hepatocyte,5,0.0,2994
MEG3,Hepatocyte,6,0.0,2994
MEG3,Hepatocyte,7,0.01751655526459217,2994
MEG3,Hepatocyte,8,0.011964756064116955,2994
MEG3,Hepatocyte,9,0.008698874153196812,2994
MEG3,Kupffer,0,0.0010373984696343541,36057
MEG3,Kupffer,1,0.0005692466511391103,36057
MEG3,Kupffer,2,0.0012354676146060228,36057
MEG3,Kupffer,3,0.0058001065626740456,36057
MEG3,Kupffer,4,0.015310144983232021,36057
MEG3,Kupffer,5,0.012637465260922909,36057
MEG3,Kupffer,6,0.004483526106923819,36057
MEG3,Kupffer,7,0.0033929911442101,36057
MEG3,Kupffer,8,0.007359161972999573,36057
MEG3,Kupffer,9,0.00621712626889348,36057
MEG3,LSEC,0,1.4332568645477295,1191
MEG3,LSEC,1,1.5111216306686401,1191
MEG3,LSEC,2,1.5625864267349243,1191
MEG3,LSEC,3,1.5903208255767822,1191
MEG3,LSEC,4,1.5563446283340454,1191
MEG3,LSEC,5,1.6064016819000244,1191
MEG3,LSEC,6,1.6450419425964355,1191
MEG3,LSEC,7,1.0081318616867065,1191
MEG3,LSEC,8,0.10510239005088806,1191
MEG3,LSEC,9,0.37921443581581116,1191
MEG3,Cholangiocyte,0,0.002034528646618128,7941
MEG3,Cholangiocyte,1,0.05273693799972534,7941
MEG3,Cholangiocyte,2,0.12886042892932892,7941
MEG3,Cholangiocyte,3,0.1659664511680603,7941
MEG3,Cholangiocyte,4,0.15739315748214722,7941
MEG3,Cholangiocyte,5,0.13068297505378723,7941
MEG3,Cholangiocyte,6,0.13027025759220123,7941
MEG3,Cholangiocyte,7,0.1298852115869522,7941
MEG3,Cholangiocyte,8,0.09134341776371002,7941
MEG3,Cholangiocyte,9,0.0,7941
HULC,Hepatocyte,0,0.0,2994
HULC,Hepatocyte,1,0.0,2994
HULC,Hepatocyte,2,0.0,2994
HULC,Hepatocyte,3,0.0,2994
HULC,Hepatocyte,4,0.0,2994
HULC,Hepatocyte,5,0.0,2994
HULC,Hepatocyte,6,0.0,2994
HULC,Hepatocyte,7,0.0,2994
HULC,Hepatocyte,8,0.0,2994
HULC,Hepatocyte,9,0.0,2994
HULC,Kupffer,0,0.005187690258026123,36057
HULC,Kupffer,1,0.002095659263432026,36057
HULC,Kupffer,2,0.002178007736802101,36057
HULC,Kupffer,3,0.002390019129961729,36057
HULC,Kupffer,4,0.0016768680652603507,36057
HULC,Kupffer,5,0.0037007052451372147,36057
HULC,Kupffer,6,0.0004362219769973308,36057
HULC,Kupffer,7,0.0005275169387459755,36057
HULC,Kupffer,8,0.0,36057
HULC,Kupffer,9,0.001131419325247407,36057
HULC,LSEC,0,0.019812578335404396,1191
HULC,LSEC,1,0.007565338630229235,1191
HULC,LSEC,2,0.0,1191
HULC,LSEC,3,0.0131831094622612,1191
HULC,LSEC,4,0.0,1191
HULC,LSEC,5,0.01963292621076107,1191
HULC,LSEC,6,0.012506336905062199,1191
HULC,LSEC,7,0.005357482470571995,1191
HULC,LSEC,8,0.008069436065852642,1191
HULC,LSEC,9,0.0,1191
HULC,Cholangiocyte,0,0.0,7941
HULC,Cholangiocyte,1,0.0010249546030536294,7941
HULC,Cholangiocyte,2,0.0017511019250378013,7941
HULC,Cholangiocyte,3,0.0,7941
HULC,Cholangiocyte,4,0.0,7941
HULC,Cholangiocyte,5,0.0013762969756498933,7941
HULC,Cholangiocyte,6,0.0,7941
HULC,Cholangiocyte,7,0.0,7941
HULC,Cholangiocyte,8,0.0015210274141281843,7941
HULC,Cholangiocyte,9,0.0,7941
MIAT,Hepatocyte,0,0.00978400744497776,2994
MIAT,Hepatocyte,1,0.01905982755124569,2994
MIAT,Hepatocyte,2,0.008134541101753712,2994
MIAT,Hepatocyte,3,0.008417562581598759,2994
MIAT,Hepatocyte,4,0.008946756832301617,2994
MIAT,Hepatocyte,5,0.009777472354471684,2994
MIAT,Hepatocyte,6,0.025091029703617096,2994
MIAT,Hepatocyte,7,0.00933785829693079,2994
MIAT,Hepatocyte,8,0.028324710205197334,2994
MIAT,Hepatocyte,9,0.14485061168670654,2994
MIAT,Kupffer,0,0.007617361843585968,36057
MIAT,Kupffer,1,0.005832279566675425,36057
MIAT,Kupffer,2,0.0073606171645224094,36057
MIAT,Kupffer,3,0.007958930917084217,36057
MIAT,Kupffer,4,0.007191496901214123,36057
MIAT,Kupffer,5,0.003996266983449459,36057
MIAT,Kupffer,6,0.0031403384637087584,36057
MIAT,Kupffer,7,0.0014952727360650897,36057
MIAT,Kupffer,8,0.0005707324016839266,36057
MIAT,Kupffer,9,0.0025144540704786777,36057
MIAT,LSEC,0,0.09845320135354996,1191
MIAT,LSEC,1,0.17611275613307953,1191
MIAT,LSEC,2,0.1314973682165146,1191
MIAT,LSEC,3,0.07589329779148102,1191
MIAT,LSEC,4,0.06792138516902924,1191
MIAT,LSEC,5,0.07697252184152603,1191
MIAT,LSEC,6,0.03261822462081909,1191
MIAT,LSEC,7,0.01384708471596241,1191
MIAT,LSEC,8,0.006060336716473103,1191
MIAT,LSEC,9,0.02416330762207508,1191
MIAT,Cholangiocyte,0,0.009528273716568947,7941
MIAT,Cholangiocyte,1,0.010564741678535938,7941
MIAT,Cholangiocyte,2,0.0017950715264305472,7941
MIAT,Cholangiocyte,3,0.0,7941
MIAT,Cholangiocyte,4,0.0,7941
MIAT,Cholangiocyte,5,0.0036459453403949738,7941
MIAT,Cholangiocyte,6,0.0015923945466056466,7941
MIAT,Cholangiocyte,7,0.0014217161806300282,7941
MIAT,Cholangiocyte,8,0.003271167166531086,7941
MIAT,Cholangiocyte,9,0.0015957916621118784,7941
LINC00261,Hepatocyte,0,0.0,2994
LINC00261,Hepatocyte,1,0.0,2994
LINC00261,Hepatocyte,2,0.0,2994
LINC00261,Hepatocyte,3,0.0,2994
LINC00261,Hepatocyte,4,0.0,2994
LINC00261,Hepatocyte,5,0.0,2994
LINC00261,Hepatocyte,6,0.0,2994
LINC00261,Hepatocyte,7,0.0,2994
LINC00261,Hepatocyte,8,0.0,2994
LINC00261,Hepatocyte,9,0.0,2994
LINC00261,Kupffer,0,0.0015939937438815832,36057
LINC00261,Kupffer,1,0.0011006828863173723,36057
LINC00261,Kupffer,2,0.0016996075864881277,36057
LINC00261,Kupffer,3,0.0,36057
LINC00261,Kupffer,4,0.0007574606570415199,36057
LINC00261,Kupffer,5,0.0007184376008808613,36057
LINC00261,Kupffer,6,0.0,36057
LINC00261,Kupffer,7,0.0,36057
LINC00261,Kupffer,8,0.0,36057
LINC00261,Kupffer,9,0.00031844357727095485,36057
LINC00261,LSEC,0,0.0,1191
LINC00261,LSEC,1,0.018206287175416946,1191
LINC00261,LSEC,2,0.0,1191
LINC00261,LSEC,3,0.0,1191
LINC00261,LSEC,4,0.0,1191
LINC00261,LSEC,5,0.0,1191
LINC00261,LSEC,6,0.0,1191
LINC00261,LSEC,7,0.07777956128120422,1191
LINC00261,LSEC,8,0.25919896364212036,1191
LINC00261,LSEC,9,0.07695794105529785,1191
LINC00261,Cholangiocyte,0,0.00133011385332793,7941
LINC00261,Cholangiocyte,1,0.0,7941
LINC00261,Cholangiocyte,2,0.0,7941
LINC00261,Cholangiocyte,3,0.0,7941
LINC00261,Cholangiocyte,4,0.001699094194918871,7941
LINC00261,Cholangiocyte,5,0.0,7941
LINC00261,Cholangiocyte,6,0.0,7941
LINC00261,Cholangiocyte,7,0.0,7941
LINC00261,Cholangiocyte,8,0.0,7941
LINC00261,Cholangiocyte,9,0.0,7941
