gene,cell_type,typeSample,n_cells,detection_rate,mean_cp10k,mean_cp10k_in_detected,pseudobulk_cp10k,n_donors
MEG3,B cells,citeSeq,1022,0.0,0.0,,0.0,6
MEG3,B cells,scRnaSeq,1328,0.0007530120481927711,0.0007736690107806134,1.0274324463166546,0.0019058625857828748,11
MEG3,Basophils,citeSeq,171,0.011695906432748537,0.05189061499191664,4.436647581808873,0.09380921706827434,4
MEG3,Basophils,scRnaSeq,218,0.03669724770642202,0.3419188062774908,9.317287471061624,0.1929743309053654,9
MEG3,Cholangiocytes,citeSeq,13,0.0,0.0,,0.0,2
MEG3,Cholangiocytes,scRnaSeq,142,0.014084507042253521,0.01656386854094099,1.1760346664068102,0.022254788395908234,6
MEG3,Circulating NK/NKT,citeSeq,4160,0.0002403846153846154,0.0012578996095479612,5.2328623757195185,0.0011552290518850334,6
MEG3,Circulating NK/NKT,scRnaSeq,8407,0.0009515879624122755,0.002983044309573221,3.1348066888227586,0.002920851958480528,11
MEG3,Endothelial cells,citeSeq,93,0.45161290322580644,3.024728413279947,6.697612915119882,3.3752674817555324,3
MEG3,Endothelial cells,nucSeq,2,0.5,0.9500285008550257,1.9000570017100513,1.1675423234092235,1
MEG3,Endothelial cells,scRnaSeq,834,0.7733812949640287,6.5487201364180825,8.467647432205707,6.270182771148538,9
MEG3,Fibroblasts,citeSeq,2,0.0,0.0,,0.0,1
MEG3,Fibroblasts,nucSeq,1,0.0,0.0,,0.0,1
MEG3,Fibroblasts,scRnaSeq,127,0.3858267716535433,1.2827219206936773,3.3246057944509593,1.0498903321077004,3
MEG3,Hepatocytes,nucSeq,13,0.07692307692307693,0.1256092046425162,1.6329196603527107,0.23877175807645473,2
MEG3,Hepatocytes,scRnaSeq,11,0.0,0.0,,0.0,3
MEG3,Macrophages,citeSeq,2287,0.0,0.0,,0.0,6
MEG3,Macrophages,nucSeq,1,0.0,0.0,,0.0,1
MEG3,Macrophages,scRnaSeq,4290,0.002797202797202797,0.005037547308598689,1.8009231628240314,0.005697786227721371,11
MEG3,Mig.cDCs,citeSeq,32,0.0,0.0,,0.0,4
MEG3,Mig.cDCs,scRnaSeq,46,0.0,0.0,,0.0,8
MEG3,Mono+mono derived cells,citeSeq,13631,0.014965886582055608,0.12645272817039077,8.449397733777435,0.09446926603770232,6
MEG3,Mono+mono derived cells,scRnaSeq,16008,0.01780359820089955,0.12285158899317346,6.900379777553406,0.11163294524157527,11
MEG3,Neutrophils,citeSeq,1172,0.0,0.0,,0.0,4
MEG3,Neutrophils,scRnaSeq,4166,0.0021603456553048487,0.02210942299634261,10.23420624475148,0.01632049003250552,9
MEG3,Plasma cells,citeSeq,519,0.0019267822736030828,0.0017334973221800117,0.899685110211426,0.004175712303444002,5
MEG3,Plasma cells,scRnaSeq,604,0.011589403973509934,0.022120526770542468,1.9086854527725214,0.029367466720367177,11
MEG3,Resident NK,citeSeq,2669,0.0,0.0,,0.0,6
MEG3,Resident NK,scRnaSeq,8224,0.0008511673151750973,0.002878669502881882,3.3820254273857993,0.002611320012567164,11
MEG3,T cells,citeSeq,45178,0.00026561600779140287,0.0015426085277473688,5.807664005547552,0.00135799044240059,6
MEG3,T cells,scRnaSeq,32165,0.000621793875330328,0.0019840088739640307,3.190782271552652,0.0017632734819537775,11
MEG3,cDC1s,citeSeq,589,0.001697792869269949,0.003897596118617881,2.295684113865932,0.002467967022037465,5
MEG3,cDC1s,scRnaSeq,591,0.0,0.0,,0.0,11
MEG3,cDC2s,citeSeq,1536,0.001953125,0.006459889110806941,3.3074632247331546,0.00962541841994666,6
MEG3,cDC2s,scRnaSeq,1093,0.0054894784995425435,0.006577642333698195,1.1982271784553544,0.00702608222242609,11
MEG3,pDCs,citeSeq,506,0.0,0.0,,0.0,5
MEG3,pDCs,scRnaSeq,708,0.002824858757062147,0.00352935480398835,1.249391600611876,0.005109457350082134,10
KCNQ1OT1,B cells,citeSeq,1022,0.050880626223091974,0.22999469130986586,4.52028027920544,0.23546097175527914,6
KCNQ1OT1,B cells,scRnaSeq,1328,0.10993975903614457,0.36497890705078373,3.3198081408454847,0.37545492939922637,11
KCNQ1OT1,Basophils,citeSeq,171,0.0935672514619883,0.603368827176688,6.448504340450854,0.5628553024096461,4
KCNQ1OT1,Basophils,scRnaSeq,218,0.26146788990825687,1.4967212267748724,5.724302235735476,1.3508203163375578,9
KCNQ1OT1,Cholangiocytes,citeSeq,13,0.3076923076923077,2.304564847908429,7.489835755702394,3.6436066848037307,2
KCNQ1OT1,Cholangiocytes,scRnaSeq,142,0.5211267605633803,2.6318275411146264,5.050263659976714,2.982141645051703,6
KCNQ1OT1,Circulating NK/NKT,citeSeq,4160,0.028365384615384615,0.15536963736818205,5.477438063149468,0.1651977544195598,6
KCNQ1OT1,Circulating NK/NKT,scRnaSeq,8407,0.043178303794457,0.17581015723708063,4.071724495570623,0.17707664998288197,11
KCNQ1OT1,Endothelial cells,citeSeq,93,0.021505376344086023,0.07150073612371363,3.3247842297526837,0.09830876160453006,3
KCNQ1OT1,Endothelial cells,nucSeq,2,0.0,0.0,,0.0,1
KCNQ1OT1,Endothelial cells,scRnaSeq,834,0.18105515587529977,0.8103626974416115,4.4757780772602915,0.8139043217185122,9
KCNQ1OT1,Fibroblasts,citeSeq,2,0.5,1.3583265417006247,2.7166530834012494,1.7027073046143366,1
KCNQ1OT1,Fibroblasts,nucSeq,1,0.0,0.0,,0.0,1
KCNQ1OT1,Fibroblasts,scRnaSeq,127,0.2440944881889764,0.5995690435677369,2.4562989849387926,0.5249451660538502,3
KCNQ1OT1,Hepatocytes,nucSeq,13,0.23076923076923078,0.9665426439894004,4.188351457287402,1.1938587903822737,2
KCNQ1OT1,Hepatocytes,scRnaSeq,11,0.0,0.0,,0.0,3
KCNQ1OT1,Macrophages,citeSeq,2287,0.03235679930039353,0.10183729748161335,3.1473229640601317,0.09625175906259671,6
KCNQ1OT1,Macrophages,nucSeq,1,0.0,0.0,,0.0,1
KCNQ1OT1,Macrophages,scRnaSeq,4290,0.0773892773892774,0.17564247832218544,2.269597084343902,0.17587166822899966,11
KCNQ1OT1,Mig.cDCs,citeSeq,32,0.09375,0.22298260861848906,2.3784811585972165,0.185076652580277,4
KCNQ1OT1,Mig.cDCs,scRnaSeq,46,0.15217391304347827,0.2691999175738871,1.7690280297712582,0.2077215285188676,8
KCNQ1OT1,Mono+mono derived cells,citeSeq,13631,0.034993764213924146,0.11604421208371532,3.3161397377633617,0.11548602410002262,6
KCNQ1OT1,Mono+mono derived cells,scRnaSeq,16008,0.0712768615692154,0.1624746264960493,2.2794862585002256,0.18147690151785004,11
KCNQ1OT1,Neutrophils,citeSeq,1172,0.006825938566552901,0.03411126833338548,4.997300810840972,0.03394796117032201,4
KCNQ1OT1,Neutrophils,scRnaSeq,4166,0.008401344215074411,0.060462720595152744,7.196791257125894,0.06691400913327264,9
KCNQ1OT1,Plasma cells,citeSeq,519,0.13680154142581888,0.51656884321369,3.7760454877169733,0.44680121646850823,5
KCNQ1OT1,Plasma cells,scRnaSeq,604,0.3029801324503311,0.7892714271217637,2.6050270053636355,0.7446750489807391,11
KCNQ1OT1,Resident NK,citeSeq,2669,0.021356313225927313,0.09365754688760976,4.3854735551408845,0.11125262986441259,6
KCNQ1OT1,Resident NK,scRnaSeq,8224,0.04474708171206226,0.16615106881940914,3.7131151901381,0.17234712082943285,11
KCNQ1OT1,T cells,citeSeq,45178,0.02842091283368011,0.1450200730123251,5.102583223170424,0.14760311500861797,6
KCNQ1OT1,T cells,scRnaSeq,32165,0.05341209389087517,0.19182099501495403,3.5913401074831177,0.18893475359134726,11
KCNQ1OT1,cDC1s,citeSeq,589,0.07640067911714771,0.12042948759492815,1.5762881820758372,0.13080225216798563,5
KCNQ1OT1,cDC1s,scRnaSeq,591,0.12521150592216582,0.23110167246929383,1.845690384180441,0.1483929285184881,11
KCNQ1OT1,cDC2s,citeSeq,1536,0.06705729166666667,0.13025427402050788,1.94243266888835,0.13595903518174654,6
KCNQ1OT1,cDC2s,scRnaSeq,1093,0.10521500457456541,0.14487308399355206,1.3769241809126296,0.14252909651207213,11
KCNQ1OT1,pDCs,citeSeq,506,0.02766798418972332,0.09871081315737457,3.567690818402252,0.09790382158929001,5
KCNQ1OT1,pDCs,scRnaSeq,708,0.05367231638418079,0.14374210648877705,2.678142405106689,0.14561953447734083,10
ZFAS1,B cells,citeSeq,1022,0.598825831702544,4.515360301138649,7.540356581313235,4.501228910055086,6
ZFAS1,B cells,scRnaSeq,1328,0.7522590361445783,4.596316000254151,6.1100176660035155,4.835173380131153,11
ZFAS1,Basophils,citeSeq,171,0.4152046783625731,3.5138100117184163,8.462838197237312,3.3771318144578766,4
ZFAS1,Basophils,scRnaSeq,218,0.40825688073394495,2.355888481662253,5.770603247217654,2.8419856006062907,9
ZFAS1,Cholangiocytes,citeSeq,13,0.8461538461538461,4.731094957367097,5.591294040524751,3.8865137971239796,2
ZFAS1,Cholangiocytes,scRnaSeq,142,0.7183098591549296,3.181542936472985,4.429206833129057,3.315963470990327,6
ZFAS1,Circulating NK/NKT,citeSeq,4160,0.3175480769230769,1.9758209127459798,6.222115819094076,1.9800625949309474,6
ZFAS1,Circulating NK/NKT,scRnaSeq,8407,0.3800404424884025,1.5888172908875853,4.180653197024078,1.5882132524237866,11
ZFAS1,Endothelial cells,citeSeq,93,0.3118279569892473,1.4659518168895755,4.7011558265769136,1.2780139008588909,3
ZFAS1,Endothelial cells,nucSeq,2,0.0,0.0,,0.0,1
ZFAS1,Endothelial cells,scRnaSeq,834,0.24580335731414868,0.785397976911174,3.195228842653264,0.8252479359584914,9
ZFAS1,Fibroblasts,citeSeq,2,0.5,4.562043795620438,9.124087591240876,3.4054146092286732,1
ZFAS1,Fibroblasts,nucSeq,1,0.0,0.0,,0.0,1
ZFAS1,Fibroblasts,scRnaSeq,127,0.8582677165354331,4.121571621736612,4.802198128078437,4.142502071251036,3
ZFAS1,Hepatocytes,nucSeq,13,0.0,0.0,,0.0,2
ZFAS1,Hepatocytes,scRnaSeq,11,0.0,0.0,,0.0,3
ZFAS1,Macrophages,citeSeq,2287,0.5435067774376913,2.6508345876968615,4.877279728127694,2.6518593618656454,6
ZFAS1,Macrophages,nucSeq,1,0.0,0.0,,0.0,1
ZFAS1,Macrophages,scRnaSeq,4290,0.6326340326340326,2.203336266857652,3.4827975625716014,2.173515519668112,11
ZFAS1,Mig.cDCs,citeSeq,32,0.90625,7.843430052436585,8.654819368205887,7.46475832073784,4
ZFAS1,Mig.cDCs,scRnaSeq,46,0.9565217391304348,6.353861596881145,6.642673487648469,6.621123721538905,8
ZFAS1,Mono+mono derived cells,citeSeq,13631,0.7076516763260216,4.425675317449173,6.254030712435172,4.173206363526185,6
ZFAS1,Mono+mono derived cells,scRnaSeq,16008,0.8144052973513244,4.295791113050049,5.274758313853278,4.0759524265228375,11
ZFAS1,Neutrophils,citeSeq,1172,0.6151877133105802,4.994674908941753,8.118944512177164,5.138872622157495,4
ZFAS1,Neutrophils,scRnaSeq,4166,0.3262121939510322,2.949148396061234,9.040582941862475,4.19926208536367,9
ZFAS1,Plasma cells,citeSeq,519,0.4142581888246628,1.3305250553230723,3.2118255986636024,1.3571064986193007,5
ZFAS1,Plasma cells,scRnaSeq,604,0.49834437086092714,1.168005313370407,2.3437714593877934,1.1117683829853289,11
ZFAS1,Resident NK,citeSeq,2669,0.3109778943424504,1.8794625305328019,6.0437174626410215,2.03036049502553,6
ZFAS1,Resident NK,scRnaSeq,8224,0.40175097276264593,1.6849777493676668,4.194085051694821,1.7216059797139232,11
ZFAS1,T cells,citeSeq,45178,0.4008366904245429,2.5739095395310208,6.421342160082415,2.610266551900457,6
ZFAS1,T cells,scRnaSeq,32165,0.5524016788434634,2.5642412652542714,4.641986734404752,2.650023716028332,11
ZFAS1,cDC1s,citeSeq,589,0.8743633276740238,3.6977970410299257,4.229130984789567,3.600763885152661,5
ZFAS1,cDC1s,scRnaSeq,591,0.9001692047377327,3.1907005368399,3.544556423444325,3.2439013298718953,11
ZFAS1,cDC2s,citeSeq,1536,0.7845052083333334,3.474611710454686,4.42904862013145,3.4049917660561304,6
ZFAS1,cDC2s,scRnaSeq,1093,0.9011893870082343,3.3970003537802436,3.769463336732798,3.3414039597794933,11
ZFAS1,pDCs,citeSeq,506,0.5573122529644269,2.5746089723352075,4.61968843972204,2.4879088780337226,5
ZFAS1,pDCs,scRnaSeq,708,0.7387005649717514,2.815591869846815,3.811546928970449,2.766771155069476,10
LINC00996,B cells,citeSeq,1022,0.023483365949119372,0.07817383223401123,3.3289023559649773,0.10595743728987561,6
LINC00996,B cells,scRnaSeq,1328,0.04593373493975904,0.12424487512729966,2.7048720355582616,0.14293969393371564,11
LINC00996,Basophils,citeSeq,171,0.005847953216374269,0.029475570647047724,5.040322580645161,0.03126973902275811,4
LINC00996,Basophils,scRnaSeq,218,0.013761467889908258,0.12017632679778673,8.732813080639168,0.05262936297419056,9
LINC00996,Cholangiocytes,citeSeq,13,0.0,0.0,,0.0,2
LINC00996,Cholangiocytes,scRnaSeq,142,0.0,0.0,,0.0,6
LINC00996,Circulating NK/NKT,citeSeq,4160,0.015625,0.07024370925362794,4.495597392232188,0.07855557552818226,6
LINC00996,Circulating NK/NKT,scRnaSeq,8407,0.02628761746163911,0.08476219770102111,3.224415366843821,0.08433960030112522,11
LINC00996,Endothelial cells,citeSeq,93,0.010752688172043012,0.03126690366979648,2.9078220412910727,0.03276958720151002,3
LINC00996,Endothelial cells,nucSeq,2,0.0,0.0,,0.0,1
LINC00996,Endothelial cells,scRnaSeq,834,0.001199040767386091,0.00260152043260163,2.1696680407897593,0.002835903559994816,9
LINC00996,Fibroblasts,citeSeq,2,0.0,0.0,,0.0,1
LINC00996,Fibroblasts,nucSeq,1,0.0,0.0,,0.0,1
LINC00996,Fibroblasts,scRnaSeq,127,0.0,0.0,,0.0,3
LINC00996,Hepatocytes,nucSeq,13,0.0,0.0,,0.0,2
LINC00996,Hepatocytes,scRnaSeq,11,0.0,0.0,,0.0,3
LINC00996,Macrophages,citeSeq,2287,0.0034980323567993005,0.01052321054296895,3.0083228139712483,0.009871975288471458,6
LINC00996,Macrophages,nucSeq,1,0.0,0.0,,0.0,1
LINC00996,Macrophages,scRnaSeq,4290,0.015617715617715617,0.03658934543177974,2.342810326900524,0.03190760287523968,11
LINC00996,Mig.cDCs,citeSeq,32,0.0,0.0,,0.0,4
LINC00996,Mig.cDCs,scRnaSeq,46,0.0,0.0,,0.0,8
LINC00996,Mono+mono derived cells,citeSeq,13631,0.0011004328369158536,0.0022077703404286106,2.0062745006921596,0.003184357282169741,6
LINC00996,Mono+mono derived cells,scRnaSeq,16008,0.0019365317341329335,0.0035314539197651117,1.8235972370193514,0.0036389288143941468,11
LINC00996,Neutrophils,citeSeq,1172,0.0,0.0,,0.0,4
LINC00996,Neutrophils,scRnaSeq,4166,0.0016802688430148825,0.014249779003761686,8.480654189953027,0.011424343022753865,9
LINC00996,Plasma cells,citeSeq,519,0.06165703275529865,0.1893911518659663,3.071687744326141,0.14197421831709608,5
LINC00996,Plasma cells,scRnaSeq,604,0.13410596026490065,0.2154463409292882,1.6065381471764208,0.20347459084825828,11
LINC00996,Resident NK,citeSeq,2669,0.10753091045335332,0.5783340560635613,5.3783052112670555,0.5388799259057485,6
LINC00996,Resident NK,scRnaSeq,8224,0.19455252918287938,0.7215043265312779,3.7085322383707693,0.7054294491092153,11
LINC00996,T cells,citeSeq,45178,0.012683164372039488,0.06315499948250912,4.9794355438408315,0.061945256334119216,6
LINC00996,T cells,scRnaSeq,32165,0.021140991761231152,0.0650492378826403,3.076924612492831,0.06462397311360595,11
LINC00996,cDC1s,citeSeq,589,0.001697792869269949,0.002461639653863925,1.449905756125852,0.00493593404407493,5
LINC00996,cDC1s,scRnaSeq,591,0.001692047377326565,0.0018711128799364868,1.1058277120424638,0.0015956228872955707,11
LINC00996,cDC2s,citeSeq,1536,0.0006510416666666666,0.001925019712201853,2.9568302779420463,0.0012031773024933324,6
LINC00996,cDC2s,scRnaSeq,1093,0.0,0.0,,0.0,11
LINC00996,pDCs,citeSeq,506,0.46047430830039526,2.553802111152444,5.546025185592861,2.6894755695410844,5
LINC00996,pDCs,scRnaSeq,708,0.5522598870056498,2.195313319572178,3.9751453459260926,2.2328328619858926,10
MALAT1,B cells,citeSeq,1022,1.0,649.1237115480251,649.1237115480251,629.6344115222041,6
MALAT1,B cells,scRnaSeq,1328,1.0,611.1502569138308,611.1502569138308,578.3854599456296,11
MALAT1,Basophils,citeSeq,171,1.0,704.9593174339589,704.9593174339589,655.4449996560328,4
MALAT1,Basophils,scRnaSeq,218,1.0,1078.683643599661,1078.683643599661,949.9600016841396,9
MALAT1,Cholangiocytes,citeSeq,13,1.0,620.4492688360843,620.4492688360843,514.9630781189273,2
MALAT1,Cholangiocytes,scRnaSeq,142,1.0,354.9139507720907,354.9139507720907,369.3070860358992,6
MALAT1,Circulating NK/NKT,citeSeq,4160,1.0,689.8941866285674,689.8941866285674,679.4248622851446,6
MALAT1,Circulating NK/NKT,scRnaSeq,8407,1.0,730.0671355679042,730.0671355679042,708.4248944358463,11
MALAT1,Endothelial cells,citeSeq,93,1.0,287.3038684223253,287.3038684223253,296.4009162376582,3
MALAT1,Endothelial cells,nucSeq,2,1.0,140.8778332399033,140.8778332399033,137.76999416228838,1
MALAT1,Endothelial cells,scRnaSeq,834,0.9976019184652278,480.13173727892655,481.28590010892395,448.6909894552598,9
MALAT1,Fibroblasts,citeSeq,2,1.0,280.33269581219,280.33269581219,255.40609569215053,1
MALAT1,Fibroblasts,nucSeq,1,1.0,337.16779055930186,337.16779055930186,337.16779055930186,1
MALAT1,Fibroblasts,scRnaSeq,127,1.0,266.6841530064518,266.6841530064518,213.16197297217107,3
MALAT1,Hepatocytes,nucSeq,13,0.9230769230769231,128.69307644345724,139.41749948041203,151.3812946204723,2
MALAT1,Hepatocytes,scRnaSeq,11,0.9090909090909091,1346.2555135784967,1480.8810649363463,880.4388748453719,3
MALAT1,Macrophages,citeSeq,2287,0.9886313948404023,254.19686654173216,257.1199618668472,252.1820767378255,6
MALAT1,Macrophages,nucSeq,1,1.0,65.57377049180327,65.57377049180327,65.57377049180327,1
MALAT1,Macrophages,scRnaSeq,4290,0.986013986013986,281.0946779540937,285.081836506634,257.7420189778825,11
MALAT1,Mig.cDCs,citeSeq,32,1.0,609.9989920922565,609.9989920922565,610.8146457324409,4
MALAT1,Mig.cDCs,scRnaSeq,46,1.0,932.819139027894,932.819139027894,751.7442117097818,8
MALAT1,Mono+mono derived cells,citeSeq,13631,0.9994131024869782,270.01166446980295,270.17022670394806,262.4485707723512,6
MALAT1,Mono+mono derived cells,scRnaSeq,16008,0.9999375312343828,316.27424819400585,316.2940066901759,309.925923734743,11
MALAT1,Neutrophils,citeSeq,1172,1.0,241.73343331430894,241.73343331430894,217.72524896586023,4
MALAT1,Neutrophils,scRnaSeq,4166,0.9983197311569851,290.7195366656112,291.2088458160462,282.67251941199885,9
MALAT1,Plasma cells,citeSeq,519,1.0,603.4590506796552,603.4590506796552,530.8541294245325,5
MALAT1,Plasma cells,scRnaSeq,604,0.9966887417218543,573.5818832375488,575.4874708895007,492.1274212427473,11
MALAT1,Resident NK,citeSeq,2669,0.9996253278381416,577.7738773552571,577.9904342808027,569.0363418883709,6
MALAT1,Resident NK,scRnaSeq,8224,0.9998784046692607,612.6437426799594,612.7182463577752,581.8602939316728,11
MALAT1,T cells,citeSeq,45178,0.9999778653326841,650.701719090097,650.7161224749851,640.6574796384741,6
MALAT1,T cells,scRnaSeq,32165,0.9999378206124669,688.7581423882283,688.8009716107754,663.417365069905,11
MALAT1,cDC1s,citeSeq,589,1.0,273.5246186120764,273.5246186120764,268.571575239183,5
MALAT1,cDC1s,scRnaSeq,591,0.9966159052453468,378.7389518624559,380.0249924460296,315.0174441472153,11
MALAT1,cDC2s,citeSeq,1536,1.0,248.4216845944344,248.4216845944344,243.9129154706583,6
MALAT1,cDC2s,scRnaSeq,1093,1.0,292.9908795021266,292.9908795021266,274.08646377081,11
MALAT1,pDCs,citeSeq,506,1.0,442.60710186490536,442.60710186490536,429.2103538474474,5
MALAT1,pDCs,scRnaSeq,708,1.0,493.5050054482325,493.5050054482325,473.37844984173455,10
NEAT1,B cells,citeSeq,1022,0.6516634050880626,7.61305236085996,11.682491760959278,8.339242749666136,6
NEAT1,B cells,scRnaSeq,1328,0.6099397590361446,5.199129769800162,8.524005350981007,5.302109713647958,11
NEAT1,Basophils,citeSeq,171,0.7251461988304093,11.08313232872762,15.28399700171309,12.28900743594394,4
NEAT1,Basophils,scRnaSeq,218,0.7568807339449541,11.912192453685355,15.738533060020652,13.595918768332563,9
NEAT1,Cholangiocytes,citeSeq,13,0.8461538461538461,14.136849872017258,16.70718621238403,17.732219199378157,2
NEAT1,Cholangiocytes,scRnaSeq,142,0.852112676056338,7.535751747056284,8.843609488280926,7.010258344711094,6
NEAT1,Circulating NK/NKT,citeSeq,4160,0.8668269230769231,17.94731800308591,20.704615333565556,17.962656527760384,6
NEAT1,Circulating NK/NKT,scRnaSeq,8407,0.9047222552634709,13.983651136155721,15.45629175672642,13.852140413093903,11
NEAT1,Endothelial cells,citeSeq,93,0.956989247311828,23.773317167937577,24.841780860878593,23.528563610684195,3
NEAT1,Endothelial cells,nucSeq,2,1.0,99.01846116558542,99.01846116558542,79.39287799182719,1
NEAT1,Endothelial cells,scRnaSeq,834,0.9820143884892086,38.07569176551964,38.77304875756214,37.82244577965086,9
NEAT1,Fibroblasts,citeSeq,2,1.0,10.918045318532531,10.918045318532531,10.21624382768602,1
NEAT1,Fibroblasts,nucSeq,1,1.0,55.53351844506148,55.53351844506148,55.53351844506148,1
NEAT1,Fibroblasts,scRnaSeq,127,0.937007874015748,10.328406472181598,11.022753125773638,9.346306326045726,3
NEAT1,Hepatocytes,nucSeq,13,0.9230769230769231,39.586878021296755,42.885784523071486,61.84188534180177,2
NEAT1,Hepatocytes,scRnaSeq,11,0.9090909090909091,43.024063557274864,47.32646991300235,37.648577421610284,3
NEAT1,Macrophages,citeSeq,2287,0.9086139046786182,16.222366489303532,17.853971203579007,16.84899382359866,6
NEAT1,Macrophages,nucSeq,1,1.0,40.98360655737705,40.98360655737705,40.98360655737705,1
NEAT1,Macrophages,scRnaSeq,4290,0.9184149184149184,16.328752294352267,17.779275975322648,15.728928807832434,11
NEAT1,Mig.cDCs,citeSeq,32,0.9375,15.712221178409084,16.759702590303025,18.32258860544742,4
NEAT1,Mig.cDCs,scRnaSeq,46,1.0,18.816251845209145,18.816251845209145,15.682975403174504,8
NEAT1,Mono+mono derived cells,citeSeq,13631,0.9719756437532096,25.17297671900353,25.89877316452088,26.736076031582627,6
NEAT1,Mono+mono derived cells,scRnaSeq,16008,0.9932533733133433,31.49241033554872,31.706321047261877,31.88769843093498,11
NEAT1,Neutrophils,citeSeq,1172,0.9351535836177475,23.257017449006508,24.869730337806228,21.97281786749092,4
NEAT1,Neutrophils,scRnaSeq,4166,0.9829572731637062,103.45101957018075,105.24467583134872,64.83804280113793,9
NEAT1,Plasma cells,citeSeq,519,0.953757225433526,19.458096770124904,20.40151964382793,17.993144315540206,5
NEAT1,Plasma cells,scRnaSeq,604,0.9602649006622517,17.41388978150695,18.134464531086543,16.097567115149836,11
NEAT1,Resident NK,citeSeq,2669,0.7530910453353316,10.46929059537766,13.90175950202138,10.807149997922705,6
NEAT1,Resident NK,scRnaSeq,8224,0.7714007782101168,7.441873954476676,9.647221217152612,7.609759562336797,11
NEAT1,T cells,citeSeq,45178,0.7172960290406836,10.005836081287361,13.949381672542135,10.302655643280229,6
NEAT1,T cells,scRnaSeq,32165,0.8095134462925541,8.904720479251182,11.000089646482612,8.9570766336288,11
NEAT1,cDC1s,citeSeq,589,0.9779286926994907,13.675395070127477,13.984041139418547,14.523985924690479,5
NEAT1,cDC1s,scRnaSeq,591,0.9763113367174281,13.14008790482064,13.458911528161178,11.539544720921569,11
NEAT1,cDC2s,citeSeq,1536,0.9661458333333334,14.162477662705301,14.658736987813576,14.985573302554453,6
NEAT1,cDC2s,scRnaSeq,1093,0.9807868252516011,13.395422586075941,13.657832916586758,13.11368060514241,11
NEAT1,pDCs,citeSeq,506,0.6936758893280632,6.198555526955446,8.935809392135202,6.012446455248163,5
NEAT1,pDCs,scRnaSeq,708,0.7669491525423728,5.764157527923048,7.515697108231157,5.750694247517443,10
